Plate,Sample,Yield,Dilution,Well,Max V [420],kobs,S,Vmax correction per [S],,kcat,km,kcat/km
17,E180L ,0.765,0.01,A1,5.38E-02,6.37E+02,0.07500,4.81E-07,,,,
17,E180L ,0.765,0.01,B1,4.10E-02,4.86E+02,0.01875,3.83E-07,,,,
17,E180L ,0.765,0.01,C1,2.24E-02,2.66E+02,0.00469,2.90E-07,,,,
17,E180L ,0.765,0.01,D1,8.78E-03,1.04E+02,0.00117,2.78E-07,,,,
17,E180L ,0.765,0.01,E1,2.66E-03,3.16E+01,0.00029,1.57E-07,,,,
17,E180L ,0.765,0.01,F1,7.41E-04,8.78E+00,0.00007,4.12E-07,,,,
17,E180L ,0.765,0.01,G1,2.28E-04,2.71E+00,0.00002,3.65E-07,,,,
17,E180L ,0.765,0.01,H1,-5.00E-18,-5.93E-14,0.00000,4.26E-07,,,,
17,E180L ,0.765,0.01,A2,5.34E-02,6.33E+02,0.07500,4.81E-07,,,,
17,E180L ,0.765,0.01,B2,4.18E-02,4.96E+02,0.01875,3.83E-07,,,,
17,E180L ,0.765,0.01,C2,2.01E-02,2.38E+02,0.00469,2.90E-07,,,,
17,E180L ,0.765,0.01,D2,7.79E-03,9.24E+01,0.00117,2.78E-07,,,,
17,E180L ,0.765,0.01,E2,2.47E-03,2.93E+01,0.00029,1.57E-07,,,,
17,E180L ,0.765,0.01,F2,6.98E-04,8.27E+00,0.00007,4.12E-07,,,,
17,E180L ,0.765,0.01,G2,1.97E-04,2.33E+00,0.00002,3.65E-07,,,,
17,E180L ,0.765,0.01,H2,2.62E-17,3.11E-13,0.00000,4.26E-07,,,,
17,E180L ,0.765,0.01,A3,4.90E-02,5.80E+02,0.07500,4.81E-07,,,,
17,E180L ,0.765,0.01,B3,3.94E-02,4.67E+02,0.01875,3.83E-07,,,,
17,E180L ,0.765,0.01,C3,2.08E-02,2.47E+02,0.00469,2.90E-07,,,,
17,E180L ,0.765,0.01,D3,8.13E-03,9.63E+01,0.00117,2.78E-07,,,,
17,E180L ,0.765,0.01,E3,2.50E-03,2.96E+01,0.00029,1.57E-07,,,,
17,E180L ,0.765,0.01,F3,6.65E-04,7.89E+00,0.00007,4.12E-07,,,,
17,E180L ,0.765,0.01,G3,1.81E-04,2.15E+00,0.00002,3.65E-07,,,,
17,E180L ,0.765,0.01,H3,-1.58E-17,-1.87E-13,0.00000,4.26E-07,,,,
17,E180K ,0.953,0.01,A4,5.17E-02,4.91E+02,0.07500,4.81E-07,,,,
17,E180K ,0.953,0.01,B4,4.61E-02,4.38E+02,0.01875,3.83E-07,,,,
17,E180K ,0.953,0.01,C4,2.39E-02,2.27E+02,0.00469,2.90E-07,,,,
17,E180K ,0.953,0.01,D4,8.43E-03,8.02E+01,0.00117,2.78E-07,,,,
17,E180K ,0.953,0.01,E4,2.50E-03,2.38E+01,0.00029,1.57E-07,,,,
17,E180K ,0.953,0.01,F4,6.62E-04,6.30E+00,0.00007,4.12E-07,,,,
17,E180K ,0.953,0.01,G4,1.83E-04,1.74E+00,0.00002,3.65E-07,,,,
17,E180K ,0.953,0.01,H4,3.16E-17,3.00E-13,0.00000,4.26E-07,,,,
17,E180K ,0.953,0.01,A5,5.29E-02,5.03E+02,0.07500,4.81E-07,,,,
17,E180K ,0.953,0.01,B5,4.63E-02,4.40E+02,0.01875,3.83E-07,,,,
17,E180K ,0.953,0.01,C5,2.36E-02,2.25E+02,0.00469,2.90E-07,,,,
17,E180K ,0.953,0.01,D5,8.62E-03,8.20E+01,0.00117,2.78E-07,,,,
17,E180K ,0.953,0.01,E5,2.46E-03,2.34E+01,0.00029,1.57E-07,,,,
17,E180K ,0.953,0.01,F5,6.38E-04,6.07E+00,0.00007,4.12E-07,,,,
17,E180K ,0.953,0.01,G5,2.23E-04,2.12E+00,0.00002,3.65E-07,,,,
17,E180K ,0.953,0.01,H5,-3.19E-17,-3.03E-13,0.00000,4.26E-07,,,,
17,E180K ,0.953,0.01,A6,5.34E-02,5.08E+02,0.07500,4.81E-07,,,,
17,E180K ,0.953,0.01,B6,4.61E-02,4.38E+02,0.01875,3.83E-07,,,,
17,E180K ,0.953,0.01,C6,2.48E-02,2.36E+02,0.00469,2.90E-07,,,,
17,E180K ,0.953,0.01,D6,9.05E-03,8.61E+01,0.00117,2.78E-07,,,,
17,E180K ,0.953,0.01,E6,2.55E-03,2.42E+01,0.00029,1.57E-07,,,,
17,E180K ,0.953,0.01,F6,7.14E-04,6.79E+00,0.00007,4.12E-07,,,,
17,E180K ,0.953,0.01,G6,2.16E-04,2.05E+00,0.00002,3.65E-07,,,,
17,E180K ,0.953,0.01,H6,1.41E-05,1.34E-01,0.00000,4.26E-07,,,,
17,Y297F ,0.733,0.01,A7,5.74E-02,7.10E+02,0.07500,4.81E-07,,,,
17,Y297F ,0.733,0.01,B7,4.05E-02,5.01E+02,0.01875,3.83E-07,,,,
17,Y297F ,0.733,0.01,C7,2.66E-02,3.29E+02,0.00469,2.90E-07,,,,
17,Y297F ,0.733,0.01,D7,1.02E-02,1.26E+02,0.00117,2.78E-07,,,,
17,Y297F ,0.733,0.01,E7,3.23E-03,3.99E+01,0.00029,1.57E-07,,,,
17,Y297F ,0.733,0.01,F7,8.74E-04,1.08E+01,0.00007,4.12E-07,,,,
17,Y297F ,0.733,0.01,G7,2.52E-04,3.12E+00,0.00002,3.65E-07,,,,
17,Y297F ,0.733,0.01,H7,-5.98E-18,-7.40E-14,0.00000,4.26E-07,,,,
17,Y297F ,0.733,0.01,A8,5.50E-02,6.80E+02,0.07500,4.81E-07,,,,
17,Y297F ,0.733,0.01,B8,4.41E-02,5.45E+02,0.01875,3.83E-07,,,,
17,Y297F ,0.733,0.01,C8,2.67E-02,3.31E+02,0.00469,2.90E-07,,,,
17,Y297F ,0.733,0.01,D8,1.14E-02,1.41E+02,0.00117,2.78E-07,,,,
17,Y297F ,0.733,0.01,E8,3.44E-03,4.26E+01,0.00029,1.57E-07,,,,
17,Y297F ,0.733,0.01,F8,9.20E-04,1.14E+01,0.00007,4.12E-07,,,,
17,Y297F ,0.733,0.01,G8,2.56E-04,3.16E+00,0.00002,3.65E-07,,,,
17,Y297F ,0.733,0.01,H8,2.72E-17,3.36E-13,0.00000,4.26E-07,,,,
17,Y297F ,0.733,0.01,A9,5.65E-02,6.98E+02,0.07500,4.81E-07,,,,
17,Y297F ,0.733,0.01,B9,4.42E-02,5.47E+02,0.01875,3.83E-07,,,,
17,Y297F ,0.733,0.01,C9,2.67E-02,3.30E+02,0.00469,2.90E-07,,,,
17,Y297F ,0.733,0.01,D9,1.05E-02,1.29E+02,0.00117,2.78E-07,,,,
17,Y297F ,0.733,0.01,E9,3.20E-03,3.96E+01,0.00029,1.57E-07,,,,
17,Y297F ,0.733,0.01,F9,8.52E-04,1.05E+01,0.00007,4.12E-07,,,,
17,Y297F ,0.733,0.01,G9,2.24E-04,2.77E+00,0.00002,3.65E-07,,,,
17,Y297F ,0.733,0.01,H9,2.79E-05,3.45E-01,0.00000,4.26E-07,,,,
17,N223H ,1.118,0.01,A10,1.37E-02,1.11E+02,0.07500,4.81E-07,,,,
17,N223H ,1.118,0.01,B10,1.17E-02,9.52E+01,0.01875,3.83E-07,,,,
17,N223H ,1.118,0.01,C10,6.98E-03,5.66E+01,0.00469,2.90E-07,,,,
17,N223H ,1.118,0.01,D10,2.71E-03,2.20E+01,0.00117,2.78E-07,,,,
17,N223H ,1.118,0.01,E10,7.85E-04,6.37E+00,0.00029,1.57E-07,,,,
17,N223H ,1.118,0.01,F10,2.04E-04,1.65E+00,0.00007,4.12E-07,,,,
17,N223H ,1.118,0.01,G10,6.67E-05,5.41E-01,0.00002,3.65E-07,,,,
17,N223H ,1.118,0.01,H10,-1.47E-17,-1.19E-13,0.00000,4.26E-07,,,,
17,N223H ,1.118,0.01,A11,1.41E-02,1.14E+02,0.07500,4.81E-07,,,,
17,N223H ,1.118,0.01,B11,1.23E-02,9.98E+01,0.01875,3.83E-07,,,,
17,N223H ,1.118,0.01,C11,7.10E-03,5.75E+01,0.00469,2.90E-07,,,,
17,N223H ,1.118,0.01,D11,2.73E-03,2.22E+01,0.00117,2.78E-07,,,,
17,N223H ,1.118,0.01,E11,8.08E-04,6.56E+00,0.00029,1.57E-07,,,,
17,N223H ,1.118,0.01,F11,2.20E-04,1.78E+00,0.00007,4.12E-07,,,,
17,N223H ,1.118,0.01,G11,6.18E-05,5.01E-01,0.00002,3.65E-07,,,,
17,N223H ,1.118,0.01,H11,7.37E-17,5.98E-13,0.00000,4.26E-07,,,,
17,N223H ,1.118,0.01,A12,1.47E-02,1.20E+02,0.07500,4.81E-07,,,,
17,N223H ,1.118,0.01,B12,1.15E-02,9.33E+01,0.01875,3.83E-07,,,,
17,N223H ,1.118,0.01,C12,7.33E-03,5.94E+01,0.00469,2.90E-07,,,,
17,N223H ,1.118,0.01,D12,3.30E-03,2.68E+01,0.00117,2.78E-07,,,,
17,N223H ,1.118,0.01,E12,1.12E-03,9.05E+00,0.00029,1.57E-07,,,,
17,N223H ,1.118,0.01,F12,3.25E-04,2.63E+00,0.00007,4.12E-07,,,,
17,N223H ,1.118,0.01,G12,8.48E-05,6.88E-01,0.00002,3.65E-07,,,,
17,N223H ,1.118,0.01,H12,-3.67E-17,-2.98E-13,0.00000,4.26E-07,,,,