a195s eff 11327.60 1636.29 rse 195.3	a195s kcat 9.469e+02 8.267e+00 km 5.103e-03 1.708e-04 rse 12.84
a356a eff 9561.50 1196.41 rse 142.8	a356a kcat 7.998e+02 1.175e+01 km 6.958e-03 3.683e-04 rse 16.23
a357a eff 8616.05 1339.34 rse 159.9	a357a kcat 7.095e+02 1.708e+01 km 4.332e-03 4.120e-04 rse 28.04
a408a eff 17949.90 2642.10 rse 315.4	a408a kcat 1.468e+03 2.739e+01 km 4.353e-03 3.206e-04 rse 44.9
c167a eff 4580.86 538.99 rse 64.34	c167a kcat 3.991e+02 7.631e+00 km 1.044e-02 6.575e-04 rse 8.772
c167q eff 5872.32 937.78 rse 111.9	c167q kcat 4.989e+02 5.015e+00 km 4.813e-03 1.875e-04 rse 7.95
d403a eff 10.08849 0.84879 rse 0.1007	d403a kcat 1.19056 0.21157 km 0.04405 0.01690 rse 0.08002
e154d eff 10395.0 1935.4 rse 231	e154d kcat 8.781e+02 4.672e+01 km 3.454e-03 7.559e-04 rse 82.24
e164a eff 2.17669 0.46557 rse 0.0555	e164a kcat 0.1913051 0.0069112 km 0.0010052 0.0001697 rse 0.01525
e177a eff 11808.55 1634.34 rse 195.1	e177a kcat 9.862e+02 9.964e+00 km 5.984e-03 2.247e-04 rse 14.61
e17s eff 7504.47 1027.53 rse 122.7	e17s kcat 6.412e+02 9.326e+00 km 7.320e-03 3.797e-04 rse 12.62
e180k eff 6507.21 959.05 rse 114.5	e180k kcat 5.549e+02 7.277e+00 km 6.193e-03 2.997e-04 rse 10.53
e180l eff 7999.58 1010.91 rse 120.7	e180l kcat 6.804e+02 9.386e+00 km 7.745e-03 3.765e-04 rse 12.4
e222a eff 668.443 301.040 rse 35.94	e222a kcat 8.988e+01 4.265e+00 km 6.259e-04 1.546e-04 rse 10.88
e406a eff 5.030299 0.481367 rse 0.05713	e406a kcat 1.0997 0.8387 km 0.1441 0.1600 rse 2.178e-06
e406d eff 358.1434 20.6396 rse 2.464	e406d kcat 39.102685 1.254067 km 0.034129 0.002574 rse 0.6234
e426s eff 5712.93 1306.57 rse 156	e426s kcat 5.182e+02 4.688e+01 km 4.129e-03 1.489e-03 rse 78.17
e53a eff s 1.963565 rse error:	e53a singular gradient\n" attr(,"class") attr(,"condition") simpleerror in rse 
f405a eff 4.63864 1.05555 rse 0.1063	f405a kcat 0.361379 0.041747 km 0.002726 0.001308 rse error:
f415a eff 11.3335 6.5712 rse 0.7845	f415a kcat 1.31168 0.89902 km 0.01611 0.03253 rse 5.085e-06
f75a eff 7376.68 1008.18 rse 120.4	f75a kcat 6.133e+02 8.381e+00 km 5.465e-03 2.825e-04 rse 12.71
g355a eff 12.38711 1.64541 rse 0.1964	g355a kcat 1.026938 0.070915 km 0.006059 0.001551 rse 0.1035
h101r eff 12259.70 1289.88 rse 154	h101r kcat 1.059e+03 1.619e+01 km 1.062e-02 5.325e-04 rse 18.46
h119a eff 1556.261 172.167 rse 20.55	h119a kcat 1.432e+02 1.062e+01 km 1.510e-02 3.358e-03 rse 9.967
h122e eff 2.651667 0.065650 rse 0.007837	h122e kcat 0.64873 0.13187 km 0.16739 0.04756 rse 0.006804
h122n eff 19.26624 1.52090 rse 0.1816	h122n kcat 1.899272 0.067163 km 0.023252 0.002181 rse 0.04687
h178a eff 1286.459 184.713 rse 22.05	h178a kcat 1.108e+02 2.843e+00 km 7.410e-03 6.763e-04 rse 3.828
h315n eff 565.721 85.583 rse 10.22	h315n kcat 4.770e+01 4.326e-01 km 4.971e-03 1.737e-04 rse 0.6784
h373r eff 8477.60 1147.69 rse 137	h373r kcat 7.074e+02 9.122e+00 km 6.306e-03 2.991e-04 rse 13.11
h379r eff 28.43317 3.45695 rse 0.4127	h379r kcat 2.3744317 0.0866702 km 0.0062402 0.0008394 rse 0.1251
i247n eff 3100.79 616.90 rse 73.64	i247n kcat 2.714e+02 3.686e+00 km 2.151e-03 1.297e-04 rse 7.367
i303n eff 8409.21 1210.11 rse 144.5	i303n kcat 6.934e+02 1.274e+01 km 4.481e-03 3.233e-04 rse 20.68
i91e eff 6163.40 1549.81 rse 184.7	i91e kcat 5.914e+02 5.276e+01 km 3.258e-03 1.161e-03 rse 90.72
k344a eff 12311.94 1806.41 rse 215.6	k344a kcat 1.046e+03 1.679e+01 km 5.456e-03 3.314e-04 rse 25.47
k413a eff 9708.63 1966.94 rse 234.8	k413a kcat 8.348e+02 3.264e+01 km 2.920e-03 4.831e-04 rse 60.26
l171a eff 9242.80 992.04 rse 118.4	l171a kcat 8.068e+02 9.314e+00 km 1.109e-02 4.156e-04 rse 10.38
l174r eff 4693.33 861.08 rse 102.8	l174r kcat 4.035e+02 6.717e+00 km 3.358e-03 2.311e-04 rse 11.92
l219a eff 2304.976 306.971 rse 36.65	l219a kcat 1.975e+02 3.949e+00 km 7.767e-03 5.468e-04 rse 5.209
m221a eff 6553.98 912.55 rse 108.9	m221a kcat 5.538e+02 1.339e+01 km 6.419e-03 5.687e-04 rse 19.11
m261e eff 701.561 72.951 rse 8.709	m261e kcat 61.633030 4.962891 km 0.010120 0.002703 rse 5.795
m323a eff 4778.04 619.64 rse 73.97	m323a kcat 4.156e+02 1.058e+01 km 9.344e-03 8.040e-04 rse 12.84
m323k eff 12.47547 1.87928 rse 0.2243	m323k kcat 1.38612 0.41628 km 0.03264 0.02340 rse 0.2161
m361t eff 5242.17 726.18 rse 86.69	m361t kcat 4.361e+02 1.115e+01 km 4.833e-03 4.783e-04 rse 17.65
n163a eff 75.1799 8.4817 rse 1.013	n163a kcat 6.6623516 0.1589231 km 0.0119454 0.0009079 rse 0.1704
n166d eff 122.0387 10.4253 rse 1.245	n166d kcat 11.138527 0.283888 km 0.015401 0.001171 rse 0.2633
n220a eff 4639.80 565.61 rse 67.52	n220a kcat 4.049e+02 8.165e+00 km 1.027e-02 6.846e-04 rse 9.465
n223h eff 1462.427 215.496 rse 25.73	n223h kcat 1.226e+02 1.338e+00 km 5.136e-03 2.146e-04 rse 2.074
n293a eff 73.0164 16.9098 rse 2.839	n293a kcat 6.354258 1.553100 km 0.009454 0.007789 rse 2.651
n354a eff 36.6355 4.8283 rse 0.5764	n354a kcat 3.0140495 0.0935565 km 0.0056887 0.0006628 rse 0.1398
n404a eff 43.3901 4.8455 rse 0.5784	n404a kcat 3.7048963 0.0489320 km 0.0094153 0.0004195 rse 0.05917
n407a eff 563.946 58.094 rse 6.935	n407a kcat 4.921e+01 8.094e-01 km 1.095e-02 5.863e-04 rse 0.9086
p329w eff 3.72133 0.49941 rse 0.05851	p329w kcat 0.38283 0.07472 km 0.02717 0.01342 rse error:
q19a eff 3.294158 0.223347 rse 0.02662	q19a kcat 0.360716 0.033516 km 0.032190 0.007549 rse 0.01679
q22s eff 5.444055 0.277266 rse 0.0331	q22s kcat 0.72077 0.08453 km 0.05723 0.01323 rse 0.02318
q284r eff 4250.37 539.08 rse 64.35	q284r kcat 3.698e+02 1.539e+01 km 9.677e-03 1.350e-03 rse 18.36
q313r eff 6850.74 1127.29 rse 134.6	q313r kcat 5.737e+02 2.869e+00 km 3.537e-03 7.244e-05 rse 5.015
q316r eff 9682.96 1555.15 rse 185.6	q316r kcat 8.048e+02 5.964e+00 km 3.617e-03 1.094e-04 rse 10.36
r240a eff 498290.09 10254.26 rse 73.15	r240a kcat 7.260e+03 3.853e+02 km 9.781e-03 7.388e-04 rse 22.32
r76a eff 28.72448 2.66092 rse 0.3177	r76a kcat 2.604545 0.159485 km 0.013534 0.002558 rse 0.1597
s14a eff 3802.43 407.46 rse 48.64	s14a kcat 3.205e+02 1.135e+01 km 8.255e-03 1.016e-03 rse 14.58
s16a eff 8.64882 0.68269 rse 0.0815	s16a singular gradient\n" attr(,"class") attr(,"condition") simpleerror in rse 
s17a eff 5614.70 1087.11 rse 129.8	s17a kcat 4.857e+02 5.497e+01 km 5.869e-03 2.478e-03 rse 81.18
s19a eff 1718.292 164.914 rse 19.69	s19a kcat 1.540e+02 1.375e+00 km 1.401e-02 3.826e-04 rse 1.35
s334a eff 9670.96 1553.65 rse 185.5	s334a kcat 8.168e+02 5.381e+00 km 4.338e-03 1.129e-04 rse 8.831
s400a eff 6434.39 1011.07 rse 120.7	s400a kcat 5.307e+02 8.900e+00 km 3.220e-03 2.248e-04 rse 15.99
t178r eff 7488.11 991.16 rse 167.3	t178r kcat 6.119e+02 5.836e+01 km 5.465e-03 1.972e-03 rse 125.1
t218a eff 5535.87 582.07 rse 69.39	t218a kcat 4.644e+02 1.847e+01 km 6.515e-03 9.400e-04 rse 25.89
t296a eff 1244.853 145.956 rse 17.42	t296a kcat 1.094e+02 2.347e+00 km 1.105e-02 7.697e-04 rse 2.622
t352a eff 659.287 65.886 rse 7.865	t352a kcat 59.514495 2.405917 km 0.014258 0.001755 rse 2.337
v147s eff 52.8603 6.0609 rse 0.7225	v147s kcat 4.5582581 0.1200565 km 0.0064527 0.0006172 rse 0.1688
v55g eff 8125.38 944.75 rse 112.8	v55g kcat 6.875e+02 1.301e+01 km 8.246e-03 5.425e-04 rse 16.72
w120a eff 465.2880 15.9480 rse error:	w120a kcat 66.007199 1.880106 km 0.066682 0.003547 rse 0.4196
w120f eff 5115.11 406.60 rse 48.54	w120f kcat 4.718e+02 2.056e+01 km 1.608e-02 2.067e-03 rse 18.57
w325a eff 297.721 80.466 rse 9.606	w325a kcat 2.941e+01 8.880e-01 km 1.612e-03 2.251e-04 rse 1.898
w325l eff 1300.405 176.577 rse 21.08	w325l kcat 1.085e+02 1.265e+00 km 5.948e-03 2.578e-04 rse 1.858
w328c eff 118.4363 22.2057 rse 2.651	w328c kcat 1.045e+01 3.309e-01 km 4.175e-03 5.258e-04 rse 0.5498
w328h eff 383.276 82.256 rse 9.819	w328h kcat 3.492e+01 1.171e+00 km 3.075e-03 4.325e-04 rse 2.131
w328l eff 1243.529 189.649 rse 22.64	w328l kcat 1.067e+02 3.213e+00 km 5.328e-03 6.100e-04 rse 4.917
w399a eff 2.574192 0.217126 rse 0.02592	w399a kcat 0.235170 0.012213 km 0.016650 0.002525 rse 0.01079
w402c eff 17.83164 0.65736 rse error:	w402c kcat 2.423250 0.090688 km 0.060229 0.004362 rse 0.02325
w407a eff 131.6518 17.1680 rse 2.049	w407a kcat 11.399309 0.485880 km 0.007592 0.001145 rse 0.6473
w407g eff 0.9040069 0.0861582 rse 0.01029	w407g kcat 1.071 7.287 km 1.126 8.142 rse 6.806e-07
w407q eff 5.96514 1.21943 rse 0.1456	w407q kcat 0.99648 0.75112 km 0.06946 0.09639 rse 7.83e-06
w407r eff 4.035921 0.342334 rse 0.04087	w407r kcat 1.0436 0.9183 km 0.1835 0.2204 rse 9.153e-07
w409a eff 3.480958 0.272056 rse 0.03212	w409a kcat 0.44042 0.08710 km 0.03991 0.01764 rse 0.0367
wt6 eff 11031.34 1677.71 rse 200.3	wt6 kcat 9.157e+02 1.208e+01 km 4.657e-03 2.395e-04 rse 19.36
y169p eff 255.659 70.174 rse 8.377	y169p kcat 2.521e+01 1.172e+00 km 2.241e-03 4.597e-04 rse 2.32
y18a eff 1846.520 116.984 rse 13.97	y18a kcat 1.965e+02 9.293e+00 km 3.154e-02 3.599e-03 rse 4.986
y294a eff 1911.346 293.320 rse 35.02	y294a kcat 1.604e+02 2.283e+00 km 4.620e-03 2.567e-04 rse 3.669
y295a eff 2.73399 0.30781 rse 0.03675	y295a kcat 0.247882 0.030373 km 0.012951 0.004954 rse 0.03117
y297f eff 8857.72 1167.12 rse 139.3	y297f kcat 7.349e+02 1.071e+01 km 5.987e-03 3.242e-04 rse 15.7
