sample,native,designed,seq,expr,Yeild,kcat,kcat,err1/kcat,err1,Km,km,err2/km,err2,linear_slope,std_err/slope,std_err,R,ki,err6,note,kcat/km,wt eff/eff,
s14a,s,a,14,1,0.60,2.51E+00,3.20E+02,4%,11.3509234789395,-2.08E+00,8.25E-03,12%,0.00101598351409109,NA,NA,NA,NA,NA,NA,,38822.97,4,
s16a,s,a,16,1,0.83,2.19E+00,1.54E+02,1%,1.4423633337234,-1.85E+00,1.40E-02,3%,0.000401239064999021,NA,NA,NA,NA,NA,NA,,10996.55,16,
e17s,e,s,17,1,1.01,2.81E+00,6.41E+02,1%,9.32605280967418,-2.14E+00,7.32E-03,5%,0.000379677277538199,NA,NA,NA,NA,NA,NA,,87596.26,2,
s17a,s,a,17,1,0.65,2.93E+00,8.48E+02,9%,75.6222505610514,-1.73E+00,1.85E-02,20%,0.00372055602203617,NA,NA,NA,NA,NA,NA,,45977.53,4,
y18a,y,a,18,1,0.17,2.29E+00,1.97E+02,5%,9.33137973869951,-1.50E+00,3.15E-02,11%,0.00361411733216016,NA,NA,NA,NA,NA,NA,"kcat OK, km is bad",6230.14,28,
q19s,q,s,,1,0.43,,NA,NA,NA,,NA,NA,,5,5%,0.277266021335585,0.97,NA,NA,,,,
q19a,q,a,19,1,0.26,,NA,NA,NA,,NA,NA,,3,7%,0.223346933100416,0.95,NA,NA,could go either way (linear or mm),,,++++++===
q19c,q,c,,1,0.40,,NA,NA,NA,,NA,NA,1107566841886.45,8,9%,0.710315385838744,0.93,NA,NA,,,,
w34a,w,a,34,0,ND,,ND,,ND,,ND,,ND,ND,,ND,ND,ND,ND,,,,
v52g,v,g,52,1,0.97,2.84E+00,6.87E+02,2%,13.0119754574181,-2.08E+00,8.25E-03,7%,0.000542469612971109,NA,NA,NA,NA,NA,NA,,83370.70,2,
f75a,f,a,75,1,0.44,2.79E+00,6.13E+02,1%,8.38126790037443,-2.26E+00,5.47E-03,5%,0.000282515876128832,NA,NA,NA,NA,NA,NA,,112223.62,2,
r76a,r,a,76,1,0.10,4.16E-01,2.60E+00,6%,0.159475742141938,-1.87E+00,1.35E-02,19%,0.00255771662013135,NA,NA,NA,NA,NA,NA,,192.45,893,
i91e,i,e,91,1,0.49,2.93E+00,8.46E+02,4%,34.9868561929377,-2.17E+00,6.71E-03,12%,0.000789160204605095,NA,NA,NA,NA,NA,NA,,126071.16,1,
h101r,h,r,101,1,1.03,3.02E+00,1.06E+03,2%,16.1897435556349,-1.97E+00,1.06E-02,5%,0.000532457610615466,NA,NA,NA,NA,NA,NA,,99708.10,2,
h119n,h,n,119,1,1.02,2.78E-01,1.90E+00,4%,0.0676056503291903,-1.63E+00,2.32E-02,9%,0.00219607955523179,NA,NA,NA,NA,NA,NA,"kcat OK, km is bad",81.71,2103,
h119a,h,a,119,1,1.21,2.16E+00,1.43E+02,7%,10.6186269340529,-1.82E+00,1.51E-02,22%,0.00335754147518275,NA,NA,NA,NA,NA,NA,,9483.03,18,
h119e,h,e,119,1,0.25,,NA,NA,NA,,NA,NA,,3,3%,0.0770957905337673,0.99,NA,NA,,,,
w120h,w,h,120,1,1.00,1.92E+00,8.41E+01,3%,2.40423618060254,-1.05E+00,8.92E-02,5%,0.00430885530383693,NA,NA,NA,NA,NA,NA,,942.80,182,
w120f,w,f,120,1,0.78,2.67E+00,4.72E+02,4%,20.564049812842,-1.79E+00,1.61E-02,13%,0.0020666846172305,NA,NA,NA,NA,NA,NA,,29333.83,6,
w120a,w,a,120,0,ND,,ND,,ND,,ND,,ND,ND,,ND,ND,ND,ND,,,,
v147s,v,s,147,1,0.23,6.59E-01,4.56E+00,3%,0.120054911066489,-2.19E+00,6.45E-03,10%,0.00061722311779852,NA,NA,NA,NA,NA,NA,,706.41,243,
e154d,e,d,154,1,1.42,2.94E+00,8.78E+02,5%,46.7001792687578,-2.46E+00,3.46E-03,22%,0.000756101151726844,NA,NA,NA,NA,NA,NA,,254004.22,1,
n163c,n,c,163,1,1.10,1.41E+00,2.58E+01,2%,0.402670680195916,-2.27E+00,5.42E-03,6%,0.000320117733090115,NA,NA,NA,NA,NA,NA,,4765.65,36,
n163a,n,a,163,1,0.74,8.24E-01,6.66E+00,2%,0.158924896750552,-1.92E+00,1.19E-02,8%,0.00090795548601662,NA,NA,NA,NA,NA,NA,,557.73,308,
n163d,n,d,163,1,1.19,1.08E+00,1.20E+01,3%,0.372670790505739,-1.82E+00,1.52E-02,9%,0.00141456408127838,NA,NA,NA,NA,NA,NA,,788.73,218,
e164a,e,a,164,1,0.42,-7.18E-01,1.91E-01,4%,0.0069111188684899,-3.00E+00,1.01E-03,17%,0.00016968369814277,NA,NA,NA,NA,NA,NA,,190.32,903,
y166p,y,p,166,1,0.18,1.42E+00,2.65E+01,5%,1.19398557377384,-2.60E+00,2.50E-03,18%,0.000454195695343915,NA,NA,NA,NA,0.0949514420223,0.0101756950826,,10595.57,16,
c167q,c,q,167,1,0.94,2.70E+00,5.04E+02,1%,5.54003368661862,-2.31E+00,4.92E-03,4%,0.000191761154959799,NA,NA,NA,NA,NA,NA,,102414.62,2,
c167a,c,a,167,1,0.58,2.68E+00,4.79E+02,3%,14.3773527374623,-1.84E+00,1.46E-02,9%,0.0012670131443492,NA,NA,NA,NA,NA,NA,,32883.72,5,
l171a,l,a,171,1,0.38,2.91E+00,8.07E+02,1%,9.31431022204129,-1.95E+00,1.11E-02,4%,0.000415630929733376,NA,NA,NA,NA,NA,NA,,72719.22,2,
l171r,l,r,171,1,1.07,2.61E+00,4.03E+02,2%,6.7169981822441,-2.47E+00,3.36E-03,7%,0.00023107949846795,NA,NA,NA,NA,NA,NA,,120146.28,1,
t175r,t,r,175,1,0.86,2.90E+00,8.01E+02,1%,8.25332599535902,-2.44E+00,3.59E-03,4%,0.000151183205229163,NA,NA,NA,NA,NA,NA,,223032.88,1,
e177a,e,a,177,1,0.96,2.99E+00,9.86E+02,1%,9.96438141766442,-2.22E+00,5.98E-03,4%,0.000224690386626734,NA,NA,NA,NA,NA,NA,,164804.04,1,
e177k,e,k,177,1,0.95,2.74E+00,5.55E+02,1%,7.27703673181609,-2.21E+00,6.19E-03,5%,0.000299734578564966,NA,NA,NA,NA,NA,NA,,89609.21,2,
e177l,e,l,177,1,0.77,2.83E+00,6.70E+02,2%,10.0550800707227,-2.13E+00,7.48E-03,5%,0.000364007596809008,NA,NA,NA,NA,NA,NA,,89478.27,2,
h178a,h,a,178,1,0.25,2.05E+00,1.13E+02,3%,3.32899078191443,-2.12E+00,7.67E-03,10%,0.000729568948514664,NA,NA,NA,NA,NA,NA,,14696.96,12,
a192s,a,s,192,1,1.17,2.98E+00,9.46E+02,1%,9.72761901650927,-2.29E+00,5.09E-03,4%,0.000184244953640248,NA,NA,NA,NA,NA,NA,,185847.65,1,
t218a,t,a,218,1,0.98,2.67E+00,4.64E+02,4%,18.4737583408607,-2.19E+00,6.51E-03,14%,0.00093997603393574,NA,NA,NA,NA,NA,NA,,71279.61,2,
l219a,l,a,219,1,0.47,2.30E+00,1.99E+02,2%,4.71233132901234,-2.10E+00,7.87E-03,8%,0.000597442951762547,NA,NA,NA,NA,NA,NA,,25261.56,7,
n220h,n,h,220,1,1.12,2.09E+00,1.23E+02,1%,1.33814748639471,-2.29E+00,5.14E-03,4%,0.000214575079577668,NA,NA,NA,NA,NA,NA,,23874.37,7,
n220a,n,a,220,1,0.62,2.61E+00,4.05E+02,2%,8.16449378200295,-1.99E+00,1.03E-02,7%,0.000684572373849873,NA,NA,NA,NA,0.149863039527,0.0175621288673,,39425.30,4,
m221a,m,a,221,1,0.73,2.74E+00,5.47E+02,3%,15.4637327392486,-2.20E+00,6.25E-03,10%,0.000595330142167287,NA,NA,NA,NA,NA,NA,,87554.16,2,
e222q,e,q,222,1,1.30,2.82E+00,6.68E+02,2%,11.2701260654354,-1.92E+00,1.22E-02,5%,0.000650976814239659,NA,NA,NA,NA,NA,NA,,54923.38,3,
e222h,e,h,222,1,0.70,2.20E+00,1.60E+02,2%,3.14032776291689,-2.07E+00,8.54E-03,6%,0.00052783470554136,NA,NA,NA,NA,NA,NA,,18695.38,9,
e222k,e,k,222,1,0.50,2.03E+00,1.08E+02,3%,3.14645820386999,-2.14E+00,7.22E-03,10%,0.000752454684372302,NA,NA,NA,NA,NA,NA,,14954.53,11,
e222r,e,r,222,1,0.15,1.63E+00,4.23E+01,4%,1.87308474431569,-2.61E+00,2.48E-03,18%,0.000442407635773223,NA,NA,NA,NA,NA,NA,,17097.69,10,
e222a,e,a,222,1,0.29,1.95E+00,8.99E+01,5%,4.26483780959126,-3.20E+00,6.26E-04,25%,0.000154643099918523,NA,NA,NA,NA,0.0952407004552,0.0136950221055,,143604.36,1,
e222y,e,y,222,1,0.70,1.07E+00,1.17E+01,7%,0.772030581226802,-1.73E+00,1.84E-02,17%,0.00314131807165925,NA,NA,NA,NA,NA,NA,,636.23,270,
m223g,m,g,223,1,0.88,2.19E+00,1.54E+02,6%,9.09914628226172,-1.72E+00,1.92E-02,15%,0.00291276072864482,NA,NA,NA,NA,NA,NA,,7997.93,21,
r240d,r,d,240,1,0.80,2.45E+00,2.82E+02,1%,3.7894857304233,-1.97E+00,1.08E-02,4%,0.000474168992639682,NA,NA,NA,NA,NA,NA,,26092.63,7,
r240a,r,a,240,1,1.11,4.04E+00,1.10E+04,2%,258.386481407705,-1.71E+00,1.95E-02,6%,0.00116525357865153,NA,NA,NA,NA,NA,NA,,565763.42,0,
r240k,r,k,240,1,1.40,2.95E+00,8.98E+02,7%,58.7007480745751,-1.75E+00,1.77E-02,19%,0.00331700027819682,NA,NA,NA,NA,NA,NA,"kcat OK, km is bad",50829.38,3,
i244n,i,n,244,1,0.21,2.43E+00,2.71E+02,1%,3.68627850983723,-2.67E+00,2.15E-03,6%,0.000129657915505647,NA,NA,NA,NA,NA,NA,,126176.11,1,
i244e,i,e,244,1,0.60,2.70E+00,4.97E+02,5%,23.2194412582091,-2.22E+00,5.97E-03,17%,0.00103824919373961,NA,NA,NA,NA,NA,NA,,83136.54,2,
m261e,m,e,261,1,0.11,1.79E+00,6.16E+01,8%,4.96331639003105,-1.99E+00,1.01E-02,27%,0.00270374108387349,NA,NA,NA,NA,NA,NA,high km err but OK,6089.97,28,
q284r,q,r,284,1,0.52,2.57E+00,3.70E+02,4%,15.3682329898214,-2.01E+00,9.68E-03,14%,0.00134903450012853,NA,NA,NA,NA,NA,NA,,38182.22,5,
n293a,n,a,293,1,0.68,1.10E+00,1.27E+01,1%,0.189422425917984,-2.01E+00,9.67E-03,5%,0.000440147428899708,NA,NA,NA,NA,NA,NA,,1313.21,131,
y294a,y,a,294,1,0.59,2.22E+00,1.66E+02,1%,1.59826054132802,-2.30E+00,4.98E-03,3%,0.000169927749622604,NA,NA,NA,NA,NA,NA,,33260.08,5,
y294f,y,f,294,1,0.73,2.87E+00,7.35E+02,1%,10.7088396164781,-2.22E+00,5.99E-03,5%,0.000324173918924036,NA,NA,NA,NA,NA,NA,,122750.83,1,
y295a,y,a,295,1,0.69,,NA,NA,NA,,NA,NA,0.00495335329931535,,,,,NA,NA,,,,
y295g,y,g,295,1,0.77,,NA,NA,NA,,NA,NA,2.22E-05,,,,,NA,NA,,,,
t296a,t,a,296,1,0.39,2.04E+00,1.09E+02,2%,2.34663661608949,-1.96E+00,1.10E-02,7%,0.000769659957104479,NA,NA,NA,NA,NA,NA,,9903.80,17,
s298e,s,e,298,1,1.10,2.91E+00,8.09E+02,0%,1.86482099635697,-2.28E+00,5.28E-03,1%,4.63E-05,NA,NA,NA,NA,NA,NA,,153263.95,1,
i300n,i,n,300,1,1.51,2.84E+00,6.93E+02,2%,12.7380047203568,-2.35E+00,4.48E-03,7%,0.000323298432709083,NA,NA,NA,NA,NA,NA,,154732.08,1,
q313r,q,r,313,1,1.44,2.84E+00,6.89E+02,3%,23.9327990023896,-2.45E+00,3.58E-03,14%,0.000508533319778496,NA,NA,NA,NA,NA,NA,,192372.60,1,
h315n,h,n,315,0,ND,,ND,,ND,,ND,,ND,ND,,ND,ND,ND,ND,,,,
m323a,m,a,323,1,0.35,2.62E+00,4.16E+02,3%,10.581074110176,-2.03E+00,9.34E-03,9%,0.000804005009936756,NA,NA,NA,NA,NA,NA,,44476.76,4,
m323k,m,k,323,0,ND,,ND,,ND,,ND,,ND,ND,,ND,ND,ND,ND,,,,
w325l,w,l,325,1,0.84,2.04E+00,1.09E+02,2%,1.84295367853162,-2.24E+00,5.74E-03,6%,0.000350318054073373,NA,NA,NA,NA,NA,NA,,18908.71,9,
w325a,w,a,325,1,0.26,1.47E+00,2.94E+01,3%,0.887988800767558,-2.79E+00,1.61E-03,14%,0.000225120943182986,NA,NA,NA,NA,0.171020243249,0.0198545514493,,18242.55,9,
w325c,w,c,325,1,0.22,1.02E+00,1.05E+01,3%,0.333729400473315,-2.38E+00,4.18E-03,13%,0.000530390554092046,NA,NA,NA,NA,NA,NA,,2502.58,69,
w325h,w,h,325,1,1.12,1.54E+00,3.49E+01,3%,1.17338522909464,-2.51E+00,3.08E-03,14%,0.000433384041851487,NA,NA,NA,NA,NA,NA,,11357.93,15,
p329w,p,w,329,1,0.47,,NA,NA,NA,,NA,NA,0.00959151354214679,,,,,NA,NA,,,,
s331a,s,a,331,1,0.89,2.91E+00,8.17E+02,1%,5.38076490246607,-2.36E+00,4.34E-03,3%,0.000112888236301552,NA,NA,NA,NA,NA,NA,,188305.75,1,
k341a,k,a,341,1,0.92,3.02E+00,1.05E+03,2%,16.7858312312508,-2.26E+00,5.46E-03,6%,0.000331363169262602,NA,NA,NA,NA,NA,NA,,191688.51,1,
t352a,t,a,352,1,0.70,1.77E+00,5.95E+01,4%,2.4059291934329,-1.85E+00,1.43E-02,12%,0.00175503722925261,NA,NA,NA,NA,NA,NA,,4174.13,41,
e353a,e,a,353,1,0.56,,NA,NA,NA,,NA,NA,,2,6%,0.119813568825222,0.96,NA,NA,,,,
n354a,n,a,354,1,0.34,4.69E-01,2.95E+00,4%,0.10487317186496,-2.27E+00,5.38E-03,12%,0.000666723081391418,NA,NA,NA,NA,NA,NA,,547.22,314,
g355a,g,a,355,1,0.17,7.62E-03,1.02E+00,8%,0.0832035987885369,-2.23E+00,5.91E-03,28%,0.00164939292419308,NA,NA,NA,NA,NA,NA,high km err but OK,172.06,999,
a356a,a,a,356,1,0.74,2.90E+00,8.00E+02,1%,11.7470510696411,-2.16E+00,6.96E-03,5%,0.000368327675385601,NA,NA,NA,NA,NA,NA,,114950.31,1,
a357a,a,a,357,1,1.92,2.84E+00,6.95E+02,3%,18.5947553435139,-2.38E+00,4.13E-03,10%,0.000405753170335639,NA,NA,NA,NA,NA,NA,,168265.73,1,
m358t,m,t,358,1,0.62,2.64E+00,4.36E+02,3%,11.1473305331527,-2.32E+00,4.83E-03,10%,0.000478369324700028,NA,NA,NA,NA,NA,NA,,90240.51,2,
h373r,h,r,373,1,1.19,2.85E+00,7.07E+02,1%,9.12157003469504,-2.20E+00,6.31E-03,5%,0.000299052967643882,NA,NA,NA,NA,NA,NA,,112169.14,2,
h379r,h,r,379,1,0.14,3.75E-01,2.37E+00,4%,0.0866426442890467,-2.20E+00,6.24E-03,13%,0.000839720170529788,NA,NA,NA,NA,NA,NA,,380.42,452,
w399c,w,c,399,1,0.85,4.34E-01,2.71E+00,5%,0.126097120574979,-1.15E+00,7.03E-02,8%,0.00588628852209627,NA,NA,NA,NA,NA,NA,,38.60,4452,
w399a,w,a,399,1,0.96,-6.29E-01,2.35E-01,5%,0.0122127036457819,-1.78E+00,1.66E-02,15%,0.00252492154743542,NA,NA,NA,NA,NA,NA,,14.12,12166,
w399g,w,g,399,1,1.27,,NA,NA,NA,,NA,NA,3.67E-05,,,,,NA,NA,,,,
w399s,w,s,399,1,1.50,,NA,NA,NA,,NA,NA,0.0181909791208058,,,,,NA,NA,,,,
s400a,s,a,400,1,0.41,2.72E+00,5.31E+02,2%,8.90023874706344,-2.49E+00,3.22E-03,7%,0.00022482570853927,NA,NA,NA,NA,NA,NA,,164795.12,1,
d403a,d,a,403,0,ND,,ND,,ND,,ND,,ND,ND,,ND,ND,ND,ND,,,,
n404a,n,a,404,1,1.41,5.69E-01,3.70E+00,1%,0.0489318912090334,-2.03E+00,9.42E-03,4%,0.00041951341130463,NA,NA,NA,NA,NA,NA,,393.50,437,
f405a,f,a,405,0,ND,,ND,,ND,,ND,,ND,ND,,ND,ND,ND,ND,,,,
e406d,e,d,406,1,0.27,1.59E+00,3.91E+01,3%,1.25406113641487,-1.47E+00,3.41E-02,8%,0.00257443491124909,NA,NA,NA,NA,NA,NA,,1145.74,150,
e406a,e,a,406,1,0.57,,NA,NA,NA,,NA,NA,,5,6%,0.298062968334383,0.97,NA,NA,,,,
n407a,n,a,407,1,1.13,1.69E+00,4.95E+01,2%,0.97112134127632,-1.96E+00,1.11E-02,6%,0.000641985096207345,NA,NA,NA,NA,NA,NA,,4464.48,38,
w407a,w,a,407,1,0.13,1.06E+00,1.14E+01,4%,0.489003991229693,-2.12E+00,7.61E-03,15%,0.00115291539165161,NA,NA,NA,NA,NA,NA,,1500.21,115,
w407r,w,r,407,1,0.15,,NA,NA,NA,,NA,NA,0.198742236341162,,,,,NA,NA,,,,
w407g,w,g,407,1,0.53,,NA,NA,NA,,NA,NA,8.09155043336532,,,,,NA,NA,,,,
w407q,w,q,407,0,ND,,ND,,ND,,ND,,ND,ND,,ND,ND,ND,ND,,,,
a408a,a,a,408,1,0.80,3.17E+00,1.47E+03,2%,27.3870356483115,-2.36E+00,4.35E-03,7%,0.000320618068520278,NA,NA,NA,NA,NA,NA,,337250.59,1,
w409a,w,a,409,0,ND,,ND,,ND,,ND,,ND,ND,,ND,ND,ND,ND,,,,
k413a,k,a,413,1,1.11,2.92E+00,8.35E+02,4%,32.6366973254204,-2.53E+00,2.92E-03,17%,0.000483053206910872,NA,NA,NA,NA,NA,NA,,285858.03,1,
f415a,f,a,415,1,0.53,1.21E-01,1.32E+00,8%,0.108772826626181,-1.78E+00,1.66E-02,24%,0.00399553660408799,NA,NA,NA,NA,NA,NA,,79.52,2161,
e423s,e,s,423,1,1.08,2.81E+00,6.46E+02,2%,12.2112086560533,-2.18E+00,6.60E-03,6%,0.000415936560050561,NA,NA,NA,NA,NA,NA,,97777.23,2,
wt,,,,1,0.47,2.95E+00,8.84E+02,1%,9.25869453568834,-2.29E+00,5.15E-03,4%,0.000206186477550546,NA,NA,NA,NA,NA,NA,,171844.36,1,