sample,native,designed,seq,expr,yield,log(kcat),kcat,err1/kcat,err1,log(km),km,err2/km,err2,linear_slope,std_err/slope,std_err,R,ki,err6,note,kcat/km,wt eff/eff,
s14a,s,a,14,1,0.601,2.50579393199059,320.474834544655,0.0354190789896729,11.3509234789395,-2.08329478956593,0.0082547744339138,0.123078289082865,0.00101598351409109,NA,NA,NA,NA,NA,NA,,38822.9668915023,4.42634898255583,
s16a,s,a,16,1,0.828,2.18764596550524,154.044417926581,0.00936329503618134,1.4423633337234,-1.85361047531035,0.0140084319479815,0.0286426822423074,0.000401239064999021,NA,NA,NA,NA,NA,NA,,10996.5496851186,15.6270834871554,
e17s,e,s,17,1,1.006,2.80698558010446,641.188286833618,0.0145449519293764,9.32605280967418,-2.13549999150039,0.00731981337525464,0.0518698029681653,0.000379677277538199,NA,NA,NA,NA,NA,NA,,87596.2615387462,1.96177321932842,
s17a,s,a,17,1,0.654,2.92862470009589,848.446964248042,0.0891302034748555,75.6222505610514,-1.73392098113896,0.0184535114594338,0.201617780454145,0.00372055602203617,NA,NA,NA,NA,NA,NA,,45977.5347425435,3.73756446408578,
y18a,y,a,18,1,0.172,2.2934548884652,196.541781584215,0.0474778424388158,9.33137973869951,-1.5010425846214,0.0315469527546404,0.114563119939644,0.00361411733216016,NA,NA,NA,NA,NA,NA,"kcat OK, km is bad",6230.13522455999,27.5827078877147,
q19s,q,s,19,1,0.431,,NA,NA,NA,,NA,NA,,5.44405515959196,0.0509300536470623,0.277266021335585,0.972633274286399,NA,NA,,,,
q19a,q,a,19,1,0.257,,NA,NA,NA,,NA,NA,,3.29415751826969,0.0678009269021636,0.223346933100416,0.95496729279723,NA,NA,could go either way (linear or mm),,,++++++===
q19c,q,c,19,1,0.403999999999999,,NA,NA,NA,,NA,NA,1107566841886.45,8.17092489132223,0.086932066477948,0.710315385838744,0.928997047806167,NA,NA,,,,
w34a,w,a,34,0,ND,,ND,,ND,,ND,,ND,ND,,ND,ND,ND,ND,,,,
v52g,v,g,52,1,0.967,2.8372692345283,687.494510124562,0.0189266608908056,13.0119754574181,-2.08374423679168,0.00824623606532044,0.0657839053689556,0.000542469612971109,NA,NA,NA,NA,NA,NA,,83370.7044861135,2.06120364532391,
f75a,f,a,75,1,0.437,2.78770535108455,613.345736979766,0.0136648343585877,8.38126790037443,-2.26237891228168,0.00546538911764282,0.0516918137112768,0.000282515876128832,NA,NA,NA,NA,NA,NA,,112223.61734498,1.53126413196738,
r76a,r,a,76,1,0.103,0.415729920271938,2.60453333501781,0.0612300637499222,0.159475742141938,-1.86858776896993,0.0135335655573299,0.188990595959102,0.00255771662013135,NA,NA,NA,NA,NA,NA,,192.449899768444,892.928498309236,
i91e,i,e,91,1,0.487,2.92744159760242,846.138775383559,0.0413488392339401,34.9868561929377,-2.17317414035634,0.00671159682060895,0.117581586870931,0.000789160204605095,NA,NA,NA,NA,NA,NA,,126071.156834893,1.36307149322864,
h101r,h,r,101,1,1.027,3.02494307382024,1059.11489008101,0.0152861070194156,16.1897435556349,-1.97378736417848,0.0106221550343683,0.0501270795702646,0.000532457610615466,NA,NA,NA,NA,NA,NA,,99708.0994067788,1.72347082155211,
h119n,h,n,119,1,1.023,0.278058805836701,1.89696276290508,0.0356388916278232,0.0676056503291903,-1.63421687336329,0.0232157718230056,0.0945942944294271,0.00219607955523179,NA,NA,NA,NA,NA,NA,"kcat OK, km is bad",81.7100881834689,2103.09404652884,
h119a,h,a,119,1,1.213,2.15604961846748,143.235153715366,0.0741342237475726,10.6186269340529,-1.82089734375415,0.0151043714115976,0.222289387865868,0.00335754147518275,NA,NA,NA,NA,NA,NA,,9483.02645718746,18.1212190829389,
h119e,h,e,119,1,0.249,,NA,NA,NA,,NA,NA,,2.69945864572186,0.0285597227636548,0.0770957905337673,0.991544069765883,NA,NA,,,,
w120h,w,h,120,1,1,1.92466822792239,84.0752617214293,0.0285962378394802,2.40423618060254,-1.04974914403367,0.0891765888720608,0.0483182341726339,0.00430885530383693,NA,NA,NA,NA,NA,NA,,942.795219965744,182.270758655569,
w120f,w,f,120,1,0.777,2.67373294804653,471.772854279614,0.0435888788986022,20.564049812842,-1.79363585881916,0.0160828918372361,0.128502052873699,0.0020666846172305,NA,NA,NA,NA,NA,NA,,29333.8324384758,5.85821850453473,
w120a,w,a,120,0,ND,,ND,,ND,,ND,,ND,ND,,ND,ND,ND,ND,,,,
v147s,v,s,147,1,0.231999999999999,0.658798908996041,4.55825806445322,0.0263378925389759,0.120054911066489,-2.19025525978326,0.00645274852503518,0.0956527463303174,0.00061722311779852,NA,NA,NA,NA,NA,NA,,706.405657491258,243.265322379056,
e154d,e,d,154,1,1.42,2.94353287904241,878.077561016322,0.0531845720037592,46.7001792687578,-2.4613080601528,0.00345694078026057,0.21871972931797,0.000756101151726844,NA,NA,NA,NA,NA,NA,,254004.224206044,0.676539929747795,
n163c,n,c,163,1,1.1,1.41230151503753,25.8405358347496,0.0155829075206102,0.402670680195916,-2.26582096374677,0.00542224374275332,0.0590378721941343,0.000320117733090115,NA,NA,NA,NA,NA,NA,,4765.6536778312,36.0588518631518,
n163a,n,a,163,1,0.737,0.823627544990232,6.66235154637538,0.0238541745574825,0.158924896750552,-1.92280024363147,0.0119453741281947,0.0760089618184139,0.00090795548601662,NA,NA,NA,NA,NA,NA,,557.734858270384,308.110560872801,
n163d,n,d,163,1,1.194,1.0785692172095,11.9831009285424,0.0310996955402486,0.372670790505739,-1.81836022715297,0.0151928682891844,0.093107111465278,0.00141456408127838,NA,NA,NA,NA,NA,NA,,788.73196953027,217.873760210762,
e164a,e,a,164,1,0.42,-0.718273696150355,0.191304992438535,0.0361261814466781,0.0069111188684899,-2.99776489730066,0.00100515978020901,0.168812661910812,0.00016968369814277,NA,NA,NA,NA,NA,NA,,190.322967756187,902.907316053105,
y166p,y,p,166,1,0.176,1.42350268211908,26.5156746852869,0.0450294245930073,1.19398557377384,-2.60162154506876,0.00250252517399393,0.181494955600801,0.000454195695343915,NA,NA,NA,NA,0.0949514420223,0.0101756950826,,10595.5676133994,16.2184798653619,
c167q,c,q,167,1,0.938,2.70214796921928,503.672186573235,0.0109992845233535,5.54003368661862,-2.30821397919224,0.00491797164908852,0.0389919195641031,0.000191761154959799,NA,NA,NA,NA,NA,NA,,102414.617755388,1.67792453622627,
c167a,c,a,167,1,0.579,2.68028411979181,478.943319360982,0.0300189023549695,14.3773527374623,-1.83669688330504,0.0145647527572024,0.0869917372076674,0.0012670131443492,NA,NA,NA,NA,NA,NA,,32883.7246567155,5.22580704570235,
l171a,l,a,171,1,0.376,2.90675892501786,806.787061930939,0.0115449424780669,9.31431022204129,-1.95489026561118,0.0110945510894284,0.0374626180350294,0.000415630929733376,NA,NA,NA,NA,NA,NA,,72719.216435868,2.3631167719134,
l171r,l,r,171,1,1.065,2.60581358322741,403.472169204694,0.0166479839129533,6.7169981822441,-2.47389676063018,0.00335817434414045,0.0688110487387743,0.00023107949846795,NA,NA,NA,NA,NA,NA,,120146.284218,1.4302897598414,
t175r,t,r,175,1,0.86,2.90377553465116,801.263822686257,0.0103003851686321,8.25332599535902,-2.44459336318106,0.00359258156331504,0.0420820522971396,0.000151183205229163,NA,NA,NA,NA,NA,NA,,223032.882779394,0.770487283572323,
e177a,e,a,177,1,0.96,2.9939579530526,986.184001953766,0.0101039779573828,9.96438141766442,-2.22300991240515,0.00598397936976384,0.037548656628407,0.000224690386626734,NA,NA,NA,NA,NA,NA,,164804.044435181,1.04271712862962,
e177k,e,k,177,1,0.953,2.74424503585209,554.938729900119,0.01311322555037,7.27703673181609,-2.20810763192569,0.00619287576983776,0.0483999017104163,0.000299734578564966,NA,NA,NA,NA,NA,NA,,89609.2139621036,1.91770457971737,
e177l,e,l,177,1,0.765,2.82578035079079,669.545893571901,0.0150177607946794,10.0550800707227,-2.1259372059757,0.00748277685100974,0.048646058015199,0.000364007596809008,NA,NA,NA,NA,NA,NA,,89478.2654759444,1.9205110770302,
h178a,h,a,178,1,0.251,2.05216133204148,112.761626612123,0.0295223728313665,3.32899078191443,-2.11506627935966,0.00767244388294527,0.0950895125002335,0.000729568948514664,NA,NA,NA,NA,NA,NA,,14696.9633577608,11.6924833938064,
a192s,a,s,192,1,1.168,2.97581984656865,945.84472598644,0.0102845834514372,9.72761901650927,-2.2933372385582,0.00508935518725765,0.0362020230188584,0.000184244953640248,NA,NA,NA,NA,NA,NA,,185847.654798112,0.924649817005632,
t218a,t,a,218,1,0.977,2.66685469359426,464.359883529945,0.0397832780050419,18.4737583408607,-2.18611062365678,0.00651462432164552,0.14428706668665,0.00093997603393574,NA,NA,NA,NA,NA,NA,,71279.6103970356,2.41084370471176,
l219a,l,a,219,1,0.473,2.29824842771953,198.723134021715,0.0237130485698631,4.71233132901234,-2.10421170414891,0.00786662224484101,0.0759465667941987,0.000597442951762547,NA,NA,NA,NA,NA,NA,,25261.5579897762,6.80258913838758,
n220h,n,h,220,1,1.11799999999999,2.08853260898159,122.611896230873,0.0109136839697433,1.33814748639471,-2.28939931858076,0.00513571223654215,0.0417809779237437,0.000214575079577668,NA,NA,NA,NA,NA,NA,,23874.3704054235,7.19784426067893,
n220a,n,a,220,1,0.615,2.60737458058291,404.924990415163,0.020162978268227,8.16449378200295,-1.98840040338665,0.0102706894205125,0.0666530108955153,0.000684572373849873,NA,NA,NA,NA,0.149863039527,0.0175621288673,,39425.2979363247,4.35872419474276,
m221a,m,a,221,1,0.73,2.73805878532304,547.090011006134,0.0282654269464906,15.4637327392486,-2.20421797908324,0.0062485898771453,0.0952743185058045,0.000595330142167287,NA,NA,NA,NA,NA,NA,,87554.1556995376,1.96271665950069,
e222q,e,q,222,1,1.3,2.82453877998793,667.634514207317,0.0168806822080138,11.2701260654354,-1.91521846567381,0.01215574369393,0.0535530223925934,0.000650976814239659,NA,NA,NA,NA,NA,NA,,54923.3786938681,3.12879513399611,
e222h,e,h,222,1,0.7,2.20334076091921,159.713181488509,0.0196622954577035,3.14032776291689,-2.06839362645887,0.00854292067079285,0.0617862117514399,0.00052783470554136,NA,NA,NA,NA,NA,NA,,18695.3838907281,9.19178771639052,
e222k,e,k,222,1,0.5,2.03341740030916,107.998419611099,0.029134298586964,3.14645820386999,-2.14135544962287,0.00722178492499168,0.104192341946983,0.000752454684372302,NA,NA,NA,NA,NA,NA,,14954.5328104912,11.4910978616092,
e222r,e,r,222,1,0.151,1.62653043090643,42.3185161156852,0.0442615884544552,1.87308474431569,-2.60640700467597,0.00247510139718233,0.178743237055606,0.000442407635773223,NA,NA,NA,NA,NA,NA,,17097.6898820634,10.0507145225669,
e222a,e,a,222,1,0.29,1.95365828943927,89.8790119321184,0.047450875548257,4.26483780959126,-3.20350935147907,0.000625879386980687,0.24708131172771,0.000154643099918523,NA,NA,NA,NA,0.0952407004552,0.0136950221055,,143604.364997072,1.1966488623344,
e222y,e,y,222,1,0.7,1.06918573753769,11.7269679315915,0.0658337761073785,0.772030581226802,-1.7344264083694,0.0184320479538975,0.170426969347973,0.00314131807165925,NA,NA,NA,NA,NA,NA,,636.227073677497,270.098534170691,
m223g,m,g,223,1,0.880999999999999,2.18659797802663,153.673144505746,0.0592110372409377,9.09914628226172,-1.71637966122411,0.019214112923734,0.151594858435898,0.00291276072864482,NA,NA,NA,NA,NA,NA,,7997.9307457865,21.4860575143804,
r240d,r,d,240,1,0.8,2.45066498750264,282.270171749843,0.0134250307318397,3.7894857304233,-1.96585289087092,0.0108180032886104,0.0438314705578713,0.000474168992639682,NA,NA,NA,NA,NA,NA,,26092.6313497268,6.58592066460171,
r240a,r,a,240,1,1.10799999999999,4.04181036612027,11010.5842944104,0.0234670998830531,258.386481407705,-1.71082450198499,0.0194614635876276,0.0598749201674804,0.00116525357865153,NA,NA,NA,NA,NA,NA,,565763.424977464,0.303738263050223,
r240k,r,k,240,1,1.4,2.9534276012457,898.312827483535,0.0653455525499006,58.7007480745751,-1.75268718907501,0.017673103096254,0.187686353671523,0.00331700027819682,NA,NA,NA,NA,NA,NA,"kcat OK, km is bad",50829.3774212148,3.38080080296787,
i244n,i,n,244,1,0.207,2.43367194495062,271.43881142253,0.0135805137464261,3.68627850983723,-2.66730518511606,0.00215126947476184,0.0602704203386705,0.000129657915505647,NA,NA,NA,NA,NA,NA,,126176.108854322,1.36193770405778,
i244e,i,e,244,1,0.6,2.69603922488898,496.637175021274,0.0467533290418996,23.2194412582091,-2.2237527408333,0.00597375296611396,0.173801829374108,0.00103824919373961,NA,NA,NA,NA,NA,NA,,83136.5437838562,2.06700918968644,
m261e,m,e,261,1,0.107,1.78981918328057,61.6338338505221,0.080529087352709,4.96331639003105,-1.99479631615191,0.0101205399568033,0.267153837187902,0.00270374108387349,NA,NA,NA,NA,NA,NA,high km err but OK,6089.97485446319,28.2175220927324,
q284r,q,r,284,1,0.516,2.56793768425974,369.775117942232,0.0415610251856435,15.3682329898214,-2.01392354438102,0.00968448332292289,0.139298551625919,0.00134903450012853,NA,NA,NA,NA,NA,NA,,38182.2246590053,4.50062827754774,
n293a,n,a,293,1,0.682,1.10393346023603,12.7037945105497,0.0149106966238064,0.189422425917984,-2.01440033976872,0.00967385693137959,0.045498649816908,0.000440147428899708,NA,NA,NA,NA,NA,NA,,1313.20884737728,130.858088828143,
y294a,y,a,294,1,0.591,2.21893052942498,165.550512452557,0.00965421681667126,1.59826054132802,-2.30299276708394,0.00497745374562812,0.0341394934652799,0.000169927749622604,NA,NA,NA,NA,NA,NA,,33260.0805377581,5.166674199869,
y294f,y,f,294,1,0.733,2.86622266607274,734.890555541787,0.0145720196507127,10.7088396164781,-2.22280175754501,0.00598684814427408,0.0541476768930712,0.000324173918924036,NA,NA,NA,NA,NA,NA,,122750.826116184,1.39994169845626,
y295a,y,a,295,1,0.69,,NA,NA,NA,,NA,NA,0.00495335329931535,,,,,NA,NA,,,,
y295g,y,g,295,1,0.77,,NA,NA,NA,,NA,NA,0.0000222027677734269,,,,,NA,NA,,,,
t296a,t,a,296,1,0.39,2.03907702840458,109.415041245596,0.0214471117441903,2.34663661608949,-1.95672482763953,0.0110477839436796,0.0696664562801121,0.000769659957104479,NA,NA,NA,NA,NA,NA,,9903.79987546661,17.3513199136512,
s298e,s,e,298,1,1.1,2.90803841303066,809.167466286445,0.00230461687358155,1.86482099635697,-2.27740160562932,0.0052795680787199,0.00877629614531019,0.0000463350529781722,NA,NA,NA,NA,NA,NA,,153263.951562234,1.12122908386726,
i300n,i,n,300,1,1.513,2.84096873466534,693.375887331392,0.0183709946554124,12.7380047203568,-2.34861164097132,0.00448113841774218,0.072146495504144,0.000323298432709083,NA,NA,NA,NA,NA,NA,,154732.084281554,1.11059061084777,
q313r,q,r,313,1,1.442,2.83837867570183,689.253016880944,0.0347228063080405,23.9327990023896,-2.44576454557297,0.00358290633103329,0.141933188532963,0.000508533319778496,NA,NA,NA,NA,NA,NA,,192372.602909261,0.89328728416206,
h315n,h,n,315,0,ND,,ND,,ND,,ND,,ND,ND,,ND,ND,ND,ND,,,,
m323a,m,a,323,1,0.348,2.61864673865515,415.572440408025,0.0254614432559269,10.581074110176,-2.02948642444251,0.00934358574799947,0.0860488715597114,0.000804005009936756,NA,NA,NA,NA,NA,NA,,44476.7620928616,3.86368053594397,
m323k,m,k,323,0,ND,,ND,,ND,,ND,,ND,ND,,ND,ND,ND,ND,,,,
w325l,w,l,325,1,0.84,2.0354509555165,108.505300865767,0.0169849183756613,1.84295367853162,-2.24121093957744,0.00573837677918591,0.0610482837836716,0.000350318054073373,NA,NA,NA,NA,NA,NA,,18908.7097346648,9.08808704620196,
w325a,w,a,325,1,0.255,1.46843996858643,29.406271902904,0.0301972587242474,0.887988800767558,-2.79264557615723,0.00161196060517173,0.139656603555149,0.000225120943182986,NA,NA,NA,NA,0.171020243249,0.0198545514493,,18242.549978305,9.41995500652958,
w325c,w,c,325,1,0.22,1.01952481860438,10.4598346351833,0.0319058008193326,0.333729400473315,-2.37886274088156,0.00417962443138602,0.126899094116971,0.000530390554092046,NA,NA,NA,NA,NA,NA,,2502.57763751148,68.6668007514358,
w325h,w,h,325,1,1.12,1.54327588478711,34.9362176695914,0.0335864986929011,1.17338522909464,-2.51202332631827,0.00307593159945625,0.140895214291533,0.000433384041851487,NA,NA,NA,NA,NA,NA,,11357.930610605,15.1298688019407,
p329w,p,w,329,1,0.465,,NA,NA,NA,,NA,NA,0.00959151354214679,,,,,NA,NA,,,,
s331a,s,a,331,1,0.893,2.91211700498928,816.802399673974,0.00658759683445323,5.38076490246607,-2.36274657889195,0.00433763916063937,0.0260252713793999,0.000112888236301552,NA,NA,NA,NA,NA,NA,,188305.750991417,0.912579669475061,
k341a,k,a,341,1,0.915999999999999,3.01948769722564,1045.89406176319,0.0160492652601478,16.7858312312508,-2.26310837876239,0.00545621683487533,0.0607313050948741,0.000331363169262602,NA,NA,NA,NA,NA,NA,,191688.507516415,0.896475235925578,
t352a,t,a,352,1,0.7,1.77462275019249,59.5144946401341,0.0404259367063573,2.4059291934329,-1.84594352663158,0.0142579298416299,0.123092009060691,0.00175503722925261,NA,NA,NA,NA,NA,NA,,4174.1329422428,41.1687893935804,
e353a,e,a,353,1,0.56,,NA,NA,NA,,NA,NA,,1.96356477174181,0.0610183939687101,0.119813568825222,0.961400084969853,NA,NA,,,,
n354a,n,a,354,1,0.342,0.469345192281884,2.94676289233099,0.0355892807452865,0.10487317186496,-2.26881969093699,0.00538493306126303,0.12381269624084,0.000666723081391418,NA,NA,NA,NA,NA,NA,,547.223681112914,314.028807471403,
g355a,g,a,355,1,0.165,0.00762280975817843,1.01770711262855,0.0817559372004754,0.0832035987885369,-2.22805963362483,0.00591480411539285,0.278858418979701,0.00164939292419308,NA,NA,NA,NA,NA,NA,high km err but OK,172.061000292476,998.738817674502,
a356a,a,a,356,1,0.744,2.90296882162471,799.77683627737,0.0146879110981993,11.7470510696411,-2.15754131478145,0.00695758763464541,0.0529389918930389,0.000368327675385601,NA,NA,NA,NA,NA,NA,,114950.307243687,1.49494163278487,
a357a,a,a,357,1,1.924,2.84209255964363,695.172461444313,0.0267484061507282,18.5947553435139,-2.38390310808232,0.0041313966394694,0.0982121073680668,0.000405753170335639,NA,NA,NA,NA,NA,NA,,168265.727575747,1.02126560456373,
m358t,m,t,358,1,0.621,2.63963555192093,436.149673721111,0.0255584979304162,11.1473305331527,-2.31576598659117,0.00483319161548615,0.098975865795859,0.000478369324700028,NA,NA,NA,NA,NA,NA,,90240.5094645189,1.90428889441905,
h373r,h,r,373,1,1.193,2.84963772631,707.355486319771,0.01289531248588,9.12157003469504,-2.20023567793062,0.00630615036699165,0.0474224289368706,0.000299052967643882,NA,NA,NA,NA,NA,NA,,112169.143638295,1.53200777349371,
h379r,h,r,379,1,0.138,0.375450253892765,2.37383349724633,0.0364990402189341,0.0866426442890467,-2.20481302553701,0.00624003426493367,0.13456980120264,0.000839720170529788,NA,NA,NA,NA,NA,NA,,380.419945862519,451.721845473642,
w399c,w,c,399,1,0.847,0.43371022452445,2.71462737630184,0.0464509868557954,0.126097120574979,-1.15284819147005,0.0703318123218231,0.0836931159282785,0.00588628852209627,NA,NA,NA,NA,NA,NA,,38.5974324659842,4452.21324375516,
w399a,w,a,399,1,0.957,-0.62861874765025,0.235169638919635,0.0519314640354377,0.0122127036457819,-1.77859588848646,0.0166496117809092,0.151650475738452,0.00252492154743542,NA,NA,NA,NA,NA,NA,,14.1246319742593,12166.2638936836,
w399g,w,g,399,1,1.267,,NA,NA,NA,,NA,NA,0.0000367370666322751,,,,,NA,NA,,,,
w399s,w,s,399,1,1.5,,NA,NA,NA,,NA,NA,0.0181909791208058,,,,,NA,NA,,,,
s400a,s,a,400,1,0.41,2.72483424418726,530.68186189222,0.0167713264503301,8.90023874706344,-2.49211009008755,0.00322025238025652,0.0698161764952599,0.00022482570853927,NA,NA,NA,NA,NA,NA,,164795.115173534,1.0427736272343,
d403a,d,a,403,0,ND,,ND,,ND,,ND,,ND,ND,,ND,ND,ND,ND,,,,
n404a,n,a,404,1,1.413,0.56877605296775,3.70489626911216,0.0132073579541161,0.0489318912090334,-2.02616467595171,0.00941532518159645,0.0445564442240005,0.00041951341130463,NA,NA,NA,NA,NA,NA,,393.49636870258,436.710510357687,
f405a,f,a,405,0,ND,,ND,,ND,,ND,,ND,ND,,ND,ND,ND,ND,,,,
e406d,e,d,406,1,0.271,1.59220658436135,39.102685446046,0.0320709721623909,1.25406113641487,-1.46688118743644,0.0341286266596046,0.0754332993509009,0.00257443491124909,NA,NA,NA,NA,NA,NA,,1145.74447533597,149.984576578132,
e406a,e,a,406,1,0.567,,NA,NA,NA,,NA,NA,,4.63823065128419,0.0642622134912282,0.298062968334383,0.96664446101067,NA,NA,,,,
n407a,n,a,407,1,1.125,1.6947679327985,49.5185515497858,0.01961126306976,0.97112134127632,-1.95500335997613,0.011091662340194,0.0578799711456161,0.000641985096207345,NA,NA,NA,NA,NA,NA,,4464.48422526715,38.4913444261788,
w407a,w,a,407,1,0.125,1.0574038878685,11.4131069735059,0.0428458256252968,0.489003991229693,-2.11874780914261,0.00760767919713497,0.151546268155707,0.00115291539165161,NA,NA,NA,NA,NA,NA,,1500.20875982836,114.546724830256,
w407r,w,r,407,1,0.154,,NA,NA,NA,,NA,NA,0.198742236341162,,,,,NA,NA,,,,
w407g,w,g,407,1,0.529,,NA,NA,NA,,NA,NA,8.09155043336532,,,,,NA,NA,,,,
w407q,w,q,407,0,ND,,ND,,ND,,ND,,ND,ND,,ND,ND,ND,ND,,,,
a408a,a,a,408,1,0.804,3.1667087868853,1467.94162960629,0.018656760661292,27.3870356483115,-2.36124393260564,0.00435267325985354,0.0736600358858699,0.000320618068520278,NA,NA,NA,NA,NA,NA,,337250.591066807,0.509543955005135,
w409a,w,a,409,0,ND,,ND,,ND,,ND,,ND,ND,,ND,ND,ND,ND,,,,
k413a,k,a,413,1,1.10799999999999,2.92155704887186,834.751193893913,0.0390975150010605,32.6366973254204,-2.53459334453998,0.00292016005181205,0.165420113397936,0.000483053206910872,NA,NA,NA,NA,NA,NA,,285858.028013199,0.601151561823779,
f415a,f,a,415,1,0.525,0.121399613797574,1.3225119769782,0.0822471391712576,0.108772826626181,-1.77909649795169,0.0166304308987909,0.240254544720094,0.00399553660408799,NA,NA,NA,NA,NA,NA,,79.5236145729905,2160.91787229155,
e423s,e,s,423,1,1.079,2.80998866476095,645.63737745163,0.0189134165438991,12.2112086560533,-2.18024907928982,0.00660314631606509,0.0629906623511598,0.000415936560050561,NA,NA,NA,NA,NA,NA,,97777.2332381656,1.75750524236478,
wt,,,,1,0.467999999999999,2.94658372441098,884.267624164152,0.0104704664998224,9.25869453568834,-2.28855154856325,0.00514574725965727,0.0400692974501587,0.000206186477550546,NA,NA,NA,NA,NA,NA,,171844.356036843,0.999997928143519,