sample,seq,expr,yield,kcat,km,ki,kcat/km,kcat2,km2,eff2,kcat3,km3,eff3
s14a,14,1,0.6,320,0.00825,NaN,"38,788",0.361991,1.601942,0.225971,-0.638009,0.601942,-0.774029
s16a,16,1,0.83,154,0.01400,NaN,"11,000",0.174208,2.718447,0.064084,-0.825792,1.718447,-0.935916
e17s,17,1,1.01,641,0.00732,NaN,"87,568",0.725113,1.421359,0.510156,-0.274887,0.421359,-0.489844
s17a,17,1,0.65,848,0.01850,NaN,"45,838",0.959276,3.592233,0.267042,-0.040724,2.592233,-0.732958
y18a,18,1,0.17,197,0.03150,NaN,"6,254",0.222851,6.116505,0.036434,-0.777149,5.116505,-0.963566
q19a,19,1,0.26,NaN,NaN,NaN,3,NaN,NaN,0.000017,NaN,NaN,-0.999983
w34a,34,0,NaN,NaN,NaN,NaN,NaN,NaN,NaN,NaN,NaN,NaN,NaN
v52g,52,1,0.97,687,0.00825,NaN,"83,273",0.777149,1.601942,0.485131,-0.222851,0.601942,-0.514869
f75a,75,1,0.44,613,0.00547,NaN,"112,066",0.693439,1.062136,0.652874,-0.306561,0.062136,-0.347126
r76a,76,1,0.1,2.6,0.01350,NaN,193,0.002941,2.621359,0.001122,-0.997059,1.621359,-0.998878
i91e,91,1,0.49,846,0.00671,NaN,"126,080",0.957014,1.302913,0.734521,-0.042986,0.302913,-0.265479
h101r,101,1,1.03,"1,060",0.01060,NaN,"100,000",1.199095,2.058252,0.582581,0.199095,1.058252,-0.417419
h119n,119,1,1.02,1.9,0.02320,NaN,82,0.002149,4.504854,0.000477,-0.997851,3.504854,-0.999523
h119a,119,1,1.21,143,0.01510,NaN,"9,470",0.161765,2.932039,0.055172,-0.838235,1.932039,-0.944828
h119e,119,1,0.25,NaN,NaN,NaN,3,NaN,NaN,0.000017,NaN,NaN,-0.999983
w120h,120,1,1,84.1,0.08920,NaN,943,0.095136,17.320388,0.005493,-0.904864,16.320388,-0.994507
w120f,120,1,0.78,472,0.01610,NaN,"29,317",0.533937,3.126214,0.170794,-0.466063,2.126214,-0.829206
w120a,120,0,NaN,NaN,NaN,NaN,NaN,NaN,NaN,NaN,NaN,NaN,NaN
v147s,147,1,0.23,4.6,0.00645,NaN,713,0.005204,1.252427,0.004155,-0.994796,0.252427,-0.995845
e154d,154,1,1.42,878,0.00346,NaN,"253,757",0.993213,0.671845,1.478341,-0.006787,-0.328155,0.478341
n163a,163,1,0.74,6.7,0.01190,NaN,563,0.007579,2.310680,0.003280,-0.992421,1.310680,-0.996720
n163d,163,1,1.19,12,0.01520,NaN,789,0.013575,2.951456,0.004599,-0.986425,1.951456,-0.995401
n163c,163,1,1.1,25.8,0.00542,NaN,"4,760",0.029186,1.052427,0.027732,-0.970814,0.052427,-0.972268
e164a,164,1,0.42,0.2,0.00101,NaN,198,0.000226,0.196117,0.001154,-0.999774,-0.803883,-0.998846
y166p,166,1,0.18,26.5,0.00250,0.09495,"10,600",0.029977,0.485437,0.061754,-0.970023,-0.514563,-0.938246
c167a,167,1,0.58,479,0.01460,NaN,"32,808",0.541855,2.834951,0.191134,-0.458145,1.834951,-0.808866
c167q,167,1,0.94,504,0.00492,NaN,"102,439",0.570136,0.955340,0.596790,-0.429864,-0.044660,-0.403210
l171r,171,1,1.07,403,0.00336,NaN,"119,940",0.455882,0.652427,0.698750,-0.544118,-0.347573,-0.301250
l171a,171,1,0.38,807,0.01110,NaN,"72,703",0.912896,2.155340,0.423552,-0.087104,1.155340,-0.576448
t175r,175,1,0.86,801,0.00359,NaN,"223,120",0.906109,0.697087,1.299853,-0.093891,-0.302913,0.299853
e177k,177,1,0.95,555,0.00619,NaN,"89,661",0.627828,1.201942,0.522346,-0.372172,0.201942,-0.477654
e177l,177,1,0.77,670,0.00748,NaN,"89,572",0.757919,1.452427,0.521830,-0.242081,0.452427,-0.478170
e177a,177,1,0.96,986,0.00598,NaN,"164,883",1.115385,1.161165,0.960576,0.115385,0.161165,-0.039424
h178a,178,1,0.25,113,0.00767,NaN,"14,733",0.127828,1.489320,0.085830,-0.872172,0.489320,-0.914170
a192s,192,1,1.17,946,0.00509,NaN,"185,855",1.070136,0.988350,1.082753,0.070136,-0.011650,0.082753
t218a,218,1,0.98,464,0.00651,NaN,"71,275",0.524887,1.264078,0.415234,-0.475113,0.264078,-0.584766
l219a,219,1,0.47,199,0.00787,NaN,"25,286",0.225113,1.528155,0.147311,-0.774887,0.528155,-0.852689
n220h,220,1,1.12,123,0.00514,NaN,"23,930",0.139140,0.998058,0.139411,-0.860860,-0.001942,-0.860589
n220a,220,1,0.62,405,0.01030,0.14986,"39,320",0.458145,2.000000,0.229073,-0.541855,1.000000,-0.770927
m221a,221,1,0.73,547,0.00625,NaN,"87,520",0.618778,1.213592,0.509875,-0.381222,0.213592,-0.490125
e222y,222,1,0.7,11.7,0.01840,NaN,636,0.013235,3.572816,0.003704,-0.986765,2.572816,-0.996296
e222r,222,1,0.15,42.3,0.00248,NaN,"17,056",0.047851,0.481553,0.099368,-0.952149,-0.518447,-0.900632
e222a,222,1,0.29,89.9,0.00063,0.09524,"143,610",0.101697,0.121553,0.836646,-0.898303,-0.878447,-0.163354
e222k,222,1,0.5,108,0.00722,NaN,"14,958",0.122172,1.401942,0.087145,-0.877828,0.401942,-0.912855
e222h,222,1,0.7,160,0.00854,NaN,"18,735",0.180995,1.658252,0.109149,-0.819005,0.658252,-0.890851
e222q,222,1,1.3,668,0.01220,NaN,"54,754",0.755656,2.368932,0.318987,-0.244344,1.368932,-0.681013
m223g,223,1,0.88,154,0.01920,NaN,"8,021",0.174208,3.728155,0.046728,-0.825792,2.728155,-0.953272
r240d,240,1,0.8,282,0.01080,NaN,"26,111",0.319005,2.097087,0.152118,-0.680995,1.097087,-0.847882
r240k,240,1,1.4,898,0.01770,NaN,"50,734",1.015837,3.436893,0.295569,0.015837,2.436893,-0.704431
r240a,240,1,1.11,"11,000",0.01950,NaN,"564,103",12.443439,3.786408,3.286353,11.443439,2.786408,2.286353
i244n,244,1,0.21,271,0.00215,NaN,"126,047",0.306561,0.417476,0.734323,-0.693439,-0.582524,-0.265677
i244e,244,1,0.6,497,0.00597,NaN,"83,250",0.562217,1.159223,0.484996,-0.437783,0.159223,-0.515004
m261e,261,1,0.11,61.6,0.01010,NaN,"6,099",0.069683,1.961165,0.035532,-0.930317,0.961165,-0.964468
q284r,284,1,0.52,370,0.00968,NaN,"38,223",0.418552,1.879612,0.222681,-0.581448,0.879612,-0.777319
n293a,293,1,0.68,12.7,0.00967,NaN,"1,313",0.014367,1.877670,0.007651,-0.985633,0.877670,-0.992349
y294a,294,1,0.59,166,0.00498,NaN,"33,333",0.187783,0.966990,0.194194,-0.812217,-0.033010,-0.805806
y294f,294,1,0.73,735,0.00599,NaN,"122,705",0.831448,1.163107,0.714853,-0.168552,0.163107,-0.285147
y295a,295,1,0.69,NaN,NaN,NaN,0,NaN,NaN,0.000000,NaN,NaN,-1.000000
y295g,295,1,0.77,NaN,NaN,NaN,0,NaN,NaN,0.000000,NaN,NaN,-1.000000
t296a,296,1,0.39,109,0.01100,NaN,"9,909",0.123303,2.135922,0.057728,-0.876697,1.135922,-0.942272
s298e,298,1,1.1,809,0.00528,NaN,"153,220",0.915158,1.025243,0.892629,-0.084842,0.025243,-0.107371
i300n,300,1,1.51,693,0.00448,NaN,"154,688",0.783937,0.869903,0.901180,-0.216063,-0.130097,-0.098820
q313r,313,1,1.44,689,0.00358,NaN,"192,458",0.779412,0.695146,1.121224,-0.220588,-0.304854,0.121224
h315n,315,0,NaN,NaN,NaN,NaN,NaN,NaN,NaN,NaN,NaN,NaN,NaN
m323a,323,1,0.35,416,0.00934,NaN,"44,540",0.470588,1.813592,0.259479,-0.529412,0.813592,-0.740521
m323k,323,0,NaN,NaN,NaN,NaN,NaN,NaN,NaN,NaN,NaN,NaN,NaN
w325c,325,1,0.22,10.5,0.00418,NaN,"2,512",0.011878,0.811650,0.014634,-0.988122,-0.188350,-0.985366
w325a,325,1,0.26,29.4,0.00161,0.17102,"18,261",0.033258,0.312621,0.106384,-0.966742,-0.687379,-0.893616
w325h,325,1,1.12,34.9,0.00308,NaN,"11,331",0.039480,0.598058,0.066013,-0.960520,-0.401942,-0.933987
w325l,325,1,0.84,109,0.00574,NaN,"18,990",0.123303,1.114563,0.110629,-0.876697,0.114563,-0.889371
p329w,329,1,0.47,NaN,NaN,NaN,0,NaN,NaN,0.000000,NaN,NaN,-1.000000
s331a,331,1,0.89,817,0.00434,NaN,"188,249",0.924208,0.842718,1.096702,-0.075792,-0.157282,0.096702
k341a,341,1,0.92,"1,050",0.00546,NaN,"192,308",1.187783,1.060194,1.120348,0.187783,0.060194,0.120348
t352a,352,1,0.7,59.5,0.01430,NaN,"4,161",0.067308,2.776699,0.024240,-0.932692,1.776699,-0.975760
e353a,353,1,0.56,NaN,NaN,NaN,2,NaN,NaN,0.000012,NaN,NaN,-0.999988
n354a,354,1,0.34,3,0.00538,NaN,558,0.003394,1.044660,0.003249,-0.996606,0.044660,-0.996751
g355a,355,1,0.17,1,0.00591,NaN,169,0.001131,1.147573,0.000986,-0.998869,0.147573,-0.999014
a356a,356,1,0.74,800,0.00696,NaN,"114,943",0.904977,1.351456,0.669633,-0.095023,0.351456,-0.330367
a357a,357,1,1.92,695,0.00413,NaN,"168,281",0.786199,0.801942,0.980372,-0.213801,-0.198058,-0.019628
m358t,358,1,0.62,436,0.00483,NaN,"90,269",0.493213,0.937864,0.525891,-0.506787,-0.062136,-0.474109
h373r,373,1,1.19,707,0.00631,NaN,"112,044",0.799774,1.225243,0.652749,-0.200226,0.225243,-0.347251
h379r,379,1,0.14,2.4,0.00624,NaN,385,0.002715,1.211650,0.002241,-0.997285,0.211650,-0.997759
w399a,399,1,0.96,0.2,0.01660,NaN,12,0.000226,3.223301,0.000070,-0.999774,2.223301,-0.999930
w399c,399,1,0.85,2.7,0.07030,NaN,38,0.003054,13.650485,0.000224,-0.996946,12.650485,-0.999776
w399s,399,1,1.5,NaN,NaN,NaN,0,NaN,NaN,0.000000,NaN,NaN,-1.000000
w399g,399,1,1.27,NaN,NaN,NaN,0,NaN,NaN,0.000000,NaN,NaN,-1.000000
s400a,400,1,0.41,531,0.00322,NaN,"164,907",0.600679,0.625243,0.960716,-0.399321,-0.374757,-0.039284
d403a,403,0,NaN,NaN,NaN,NaN,NaN,NaN,NaN,NaN,NaN,NaN,NaN
n404a,404,1,1.41,3.7,0.00942,NaN,393,0.004186,1.829126,0.002288,-0.995814,0.829126,-0.997712
f405a,405,0,NaN,NaN,NaN,NaN,NaN,NaN,NaN,NaN,NaN,NaN,NaN
e406d,406,1,0.27,39.1,0.03410,NaN,"1,147",0.044231,6.621359,0.006680,-0.955769,5.621359,-0.993320
e406a,406,1,0.57,NaN,NaN,NaN,5,NaN,NaN,0.000029,NaN,NaN,-0.999971
w407a,407,1,0.13,11.4,0.00761,NaN,"1,498",0.012896,1.477670,0.008727,-0.987104,0.477670,-0.991273
n407a,407,1,1.13,49.5,0.01110,NaN,"4,459",0.055995,2.155340,0.025980,-0.944005,1.155340,-0.974020
w407r,407,1,0.15,NaN,NaN,NaN,0,NaN,NaN,0.000000,NaN,NaN,-1.000000
w407g,407,1,0.53,NaN,NaN,NaN,0,NaN,NaN,0.000000,NaN,NaN,-1.000000
w407q,407,0,NaN,NaN,NaN,NaN,NaN,NaN,NaN,NaN,NaN,NaN,NaN
a408a,408,1,0.8,"1,470",0.00435,NaN,"337,931",1.662896,0.844660,1.968721,0.662896,-0.155340,0.968721
w409a,409,0,NaN,NaN,NaN,NaN,NaN,NaN,NaN,NaN,NaN,NaN,NaN
k413a,413,1,1.11,835,0.00292,NaN,"285,959",0.944570,0.566990,1.665942,-0.055430,-0.433010,0.665942
f415a,415,1,0.53,1.3,0.01660,NaN,78,0.001471,3.223301,0.000456,-0.998529,2.223301,-0.999544
e423s,423,1,1.08,646,0.00660,NaN,"97,879",0.730769,1.281553,0.570223,-0.269231,0.281553,-0.429777
wt,NaN,1,0.47,884,0.00515,NaN,"171,650",1.000000,1.000000,1.000003,0.000000,0.000000,0.000003
q19c,19,1,0.4,NaN,NaN,NaN,8,NaN,NaN,0.000047,NaN,NaN,-0.999953
q19s,19,1,0.43,NaN,NaN,NaN,5,NaN,NaN,0.000029,NaN,NaN,-0.999971