,Metadata,,,,Michaelis-Menten fits,,,,,,Linear fits,,,,,,,,,,,,,,,,,,,,,
Mutant redo,Assay Plate #,Sample,Yield,Dilution,k_cat,k_cat SE,K_M,K_M SE,k_cat/K_M,k_cat/K_MÂ SE,Slope,R^2-adj,Notes,km_mutant/km_WT,kcat_mutant/kcat_WT,(eff mutant)/(eff WT),error Kcat/Kcat,error km/km,error eff/eff,,,,,INDEX,seqpos,star,,,,,,
,4,S17A *,0.654,0.01,485.728,54.970000,0.00587,0.0024780000,"82,762.867493","15,814.407616","5,614.700000",0.527500, MM,1.26E+00,6.54E-01,4.01E-01,11.32%,42.22%,19.11%,,,,,16,17, *,,,,,,
,1,E406A*,0.567,0.1,0.983,0.317590,0.12121,0.0599800000,8.109809,2.832388,4.737925,0.967500,linear,2.60E+01,1.32E-03,2.29E-05,32.31%,49.48%,34.93%,,,,,2,406,*,,,,,,
,18,H122E ,0.249,0.1,0.649,0.131870,0.16739,0.0475600000,3.875560,0.473006,2.651667,0.986100,linear,3.58E+01,8.73E-04,1.88E-05,20.33%,28.41%,12.20%,,,,,71,122, ,,,,,,
,25,E53A,0.56,0.1,,,,,,,1.963565,0.920800,linear,0.00E+00,0.00E+00,9.51E-06,,,,,,,,98,53,,,,,,,
,33,Q19C,0.404,0.1,,,,,,,7.957212,0.978700,linear,0.00E+00,0.00E+00,,,,,,,,,,,,,,,,,
,29,Y295G,0.77,0.1,0.092,0.012660,0.00000,0.0000104800,"18,854.316917","88,286.023529",1.060026,0.702600,linear/bad data,1.04E-03,1.23E-04,9.13E-02,13.84%,215.95%,468.25%,,,,,112,295,,,,,,,
,29,w399g,1.267,0.1,0.085,0.007593,0.00003,0.0000192800,"2,539.725209",862.480475,0.946400,0.608000,linear/bad data,7.17E-03,1.14E-04,1.23E-02,8.93%,57.59%,33.96%,,,,,114,w399g,,,,,,,
,25,E164A,0.42,0.1,0.191,0.006911,0.00101,0.0001697000,190.315460,5.672550,2.176690,0.486700,MM,2.15E-01,2.57E-04,9.22E-04,3.61%,16.88%,2.98%,,,,,97,164,,,,,,,
,15,I247N *,0.207,0.01,271.400,3.686000,0.00215,0.0001297000,"126,173.872617",482.015495,"3,100.790000",0.513400,MM,4.61E-01,3.65E-01,6.11E-01,1.36%,6.03%,0.38%,,,,,58,247, *,,,,,,
,15,Y169P *,0.176,0.1,25.210,1.172000,0.00224,0.0004597000,"11,249.442213",497.678263,255.659000,0.347900,MM,4.80E-01,3.39E-02,5.45E-02,4.65%,20.51%,4.42%,,,,,57,169, *,,,,,,
,9,K413A ,1.108,0.01,834.786,32.620000,0.00292,0.0004830000,"285,768.627486","8,248.811239","9,708.630000",0.503900,MM,6.26E-01,1.12E+00,1.38E+00,3.91%,16.53%,2.89%,,,,,35,413, ,,,,,,
,11,W328H *,1.12,0.01,34.923,1.171000,0.00308,0.0004325000,"11,355.627928",237.346758,383.276000,0.473800,MM,6.59E-01,4.70E-02,5.50E-02,3.35%,14.06%,2.09%,,,,,44,328, *,,,,,,
,22,S400A *,0.41,0.01,530.700,8.900000,0.00322,0.0002248000,"164,813.664596",849.645894,"6,434.390000",0.632000,MM,6.90E-01,7.14E-01,7.98E-01,1.68%,6.98%,0.52%,,,,,86,400, *,,,,,,
,15,L174R *,1.065,0.01,403.500,6.717000,0.00336,0.0002311000,"120,160.810006",602.415370,"4,693.330000",0.555200,MM,7.19E-01,5.43E-01,5.82E-01,1.66%,6.88%,0.50%,,,,,60,174, *,,,,,,
,2,E154D *,1.423,0.01,878.119,46.720000,0.00345,0.0007559000,"254,220.899629","12,894.262337","10,395.000000",0.547700,MM,7.40E-01,1.18E+00,1.23E+00,5.32%,21.88%,5.07%,,,,,7,154, *,,,,,,
,1,WT2  *,0.878,0.01,691.061,23.340000,0.00346,0.0004804000,"199,811.885585","4,083.033065","7,843.730000",0.516900,MM,7.41E-01,9.30E-01,9.68E-01,3.38%,13.89%,2.04%,,,,,3,2  *,,,,,,,
,20,Q313R *,0.69,0.01,573.700,2.869000,0.00354,0.0000724400,"162,199.604184",72.092056,"6,850.740000",0.609700,MM,7.57E-01,7.72E-01,7.86E-01,0.50%,2.05%,0.04%,,,,,78,313, *,,,,,,
,15,T178R *,0.86,0.01,801.300,8.253000,0.00359,0.0001512000,"223,016.977456",418.593954,"9,586.330000",0.611200,MM,7.69E-01,1.08E+00,1.08E+00,1.03%,4.21%,0.19%,,,,,59,178, *,,,,,,
,16,Q316R ,1.442,0.01,804.800,5.964000,0.00362,0.0001094000,"222,504.838264",215.771890,"9,682.960000",0.621500,MM,7.75E-01,1.08E+00,1.08E+00,0.74%,3.02%,0.10%,,,,,63,316, ,,,,,,
,11,E426S ,1.079,0.01,645.700,12.310000,0.00413,0.0066090000,"156,399.947875",0.000420,"7,938.150000",0.623900,MM,8.84E-01,8.69E-01,7.57E-01,1.91%,160.08%,0.00%,,,,,43,426, ,,,,,,
,4,W328C *,0.22,0.1,10.454,0.330900,0.00418,0.0005258000,"2,503.630556",42.211422,118.436300,0.544100,MM,8.94E-01,1.41E-02,1.21E-02,3.17%,12.59%,1.69%,,,,,15,328, *,,,,,,
,5,A357A ,1.924,0.01,709.478,17.080000,0.00433,0.0004120000,"163,777.922747","1,576.353709","8,616.050000",0.637100,MM,9.28E-01,9.55E-01,7.93E-01,2.41%,9.51%,0.96%,,,,,20,357, ,,,,,,
,16,S334A *,0.893,0.01,816.800,5.381000,0.00434,0.0001129000,"188,289.534348",135.708496,"9,670.960000",0.621400,MM,9.29E-01,1.10E+00,9.12E-01,0.66%,2.60%,0.07%,,,,,61,334, *,,,,,,
,10,A408A ,0.804,0.01,"1,468.000",27.390000,0.00435,0.0003206000,"337,238.685964","1,946.709417","17,949.900000",0.662500,MM,9.32E-01,1.98E+00,1.63E+00,1.87%,7.37%,0.58%,,,,,38,408, ,,,,,,
,16,I303N *,1.513,0.01,693.400,12.740000,0.00448,0.0003233000,"154,742.245035",857.746255,"8,409.210000",0.627800,MM,9.60E-01,9.33E-01,7.49E-01,1.84%,7.21%,0.55%,,,,,64,303, *,,,,,,
,8,Y294A *,0.591,0.01,160.400,2.283000,0.00462,0.0002567000,"34,718.614719",114.217456,"1,911.346000",0.643200,MM,9.89E-01,2.16E-01,1.68E-01,1.42%,5.56%,0.33%,,,,,30,294, *,,,,,,
,10,WT6 *,1.465,0.01,915.700,12.080000,0.00466,0.0002395000,"196,628.730943",554.270081,"11,031.340000","1,677.710000",MM,9.97E-01,1.23E+00,9.52E-01,1.32%,5.14%,0.28%,,,,,40,6 *,,,,,,,
,19,C167Q ,0.938,0.01,498.900,5.015000,0.00481,0.0001875000,"103,656.762934",167.788393,"5,872.320000",0.624300,MM,1.03E+00,6.71E-01,5.02E-01,1.01%,3.90%,0.16%,,,,,75,167, ,,,,,,
,13,M361T *,0.621,0.01,436.149,11.150000,0.00483,0.0004783000,"90,241.072393",942.756341,"5,242.170000",0.689700,MM,1.03E+00,5.87E-01,4.37E-01,2.56%,9.90%,1.04%,,,,,50,361, *,,,,,,
,20,WT 8 *,1.167,0.01,810.400,6.003000,0.00494,0.0001411000,"164,048.582996",142.837302,"9,725.500000",0.666000,MM,1.06E+00,1.09E+00,7.94E-01,0.74%,2.86%,0.09%,,,,,80, 8 *,,,,,,,
,16,A195S *,1.168,0.01,946.900,8.267000,0.00510,0.0001708000,"185,557.515187",222.019225,"11,327.600000",0.671100,MM,1.09E+00,1.27E+00,8.99E-01,0.87%,3.35%,0.12%,,,,,62,195, *,,,,,,
,17,N223H *,1.118,0.01,122.600,1.338000,0.00514,0.0002146000,"23,870.716511",44.518058,"1,462.427000",0.622000,MM,1.10E+00,1.65E-01,1.16E-01,1.09%,4.18%,0.19%,,,,,68,223, *,,,,,,
,23,WT9  *,0.468,0.01,884.300,9.259000,0.00515,0.0002062000,"171,842.207540",294.749141,"10,473.050000",0.659000,MM,1.10E+00,1.19E+00,8.32E-01,1.05%,4.01%,0.17%,,,,,90,9  *,,,,,,,
,13,W328L *,0.84,0.01,106.679,3.213000,0.00533,0.0006100000,"20,023.777990",280.670300,"1,243.529000",0.646100,MM,1.14E+00,1.44E-01,9.70E-02,3.01%,11.45%,1.40%,,,,,51,328, *,,,,,,
,32,N163C,1.1,0.01,25.840,0.402700,0.00542,0.0003201000,"4,765.769089",17.768074,309.070000,0.675400,MM,1.16E+00,3.48E-02,2.31E-02,1.56%,5.90%,0.37%,,,,,125,163,,,,,,,
,1,WT5 *,1.262,0.01,644.651,36.550000,0.00543,0.0011660000,"118,695.505115","5,852.361494","7,690.500000",0.633000,MM,1.16E+00,8.67E-01,5.75E-01,5.67%,21.47%,4.93%,,,,,4,5 *,,,,,,,
,13,K344A *,0.916,0.01,"1,045.894",16.790000,0.00546,0.0003314000,"191,688.490395",756.559593,"12,311.940000",0.664000,MM,1.17E+00,1.41E+00,9.28E-01,1.61%,6.07%,0.39%,,,,,52,344, *,,,,,,
,33,WT12,0.843,0.01,353.700,10.380000,0.00546,0.0006059000,"64,803.957494",854.424803,"4,293.590000",0.703700,MM,1.17E+00,4.76E-01,3.14E-01,2.93%,11.10%,1.32%,,,,,,,,,,,,,
,12,F75A ,0.437,0.01,613.346,8.381000,0.00547,0.0002825000,"112,223.674595",320.787124,"7,376.680000",0.695500,MM,1.17E+00,8.25E-01,5.43E-01,1.37%,5.17%,0.29%,,,,,46,75, ,,,,,,
,27,WT10 *,0.271,0.01,572.000,6.406000,0.00547,0.0002316000,"104,608.632041",200.787343,"6,808.190000",0.679000,MM,1.17E+00,7.70E-01,5.07E-01,1.12%,4.24%,0.19%,,,,,106,10 *,,,,,,,
,6,N354A *,0.342,0.1,3.014,0.093557,0.00569,0.0006628000,529.835270,7.703106,36.635500,0.711000,MM,1.22E+00,4.06E-03,2.57E-03,3.10%,11.65%,1.45%,,,,,21,354, *,,,,,,
,18,W325L ,1.305,0.01,108.500,1.265000,0.00595,0.0002578000,"18,241.425689",36.747113,"1,300.405000",0.698300,MM,1.27E+00,1.46E-01,8.83E-02,1.17%,4.33%,0.20%,,,,,72,325, ,,,,,,
,10,E177A ,0.96,0.01,986.200,9.964000,0.00598,0.0002247000,"164,806.149733",249.202025,"11,808.550000",0.690000,MM,1.28E+00,1.33E+00,7.98E-01,1.01%,3.76%,0.15%,,,,,39,177, ,,,,,,
,17,Y297F *,0.733,0.01,734.900,10.710000,0.00599,0.0003242000,"122,749.290129",386.007025,"8,857.720000",0.711000,MM,1.28E+00,9.89E-01,5.94E-01,1.46%,5.42%,0.31%,,,,,65,297, *,,,,,,
,10,G355A ,0.165,0.1,1.027,0.070915,0.00606,0.0015510000,169.489685,11.914409,12.387110,0.707700,MM,1.30E+00,1.38E-03,8.21E-04,6.91%,25.60%,7.03%,,,,,37,355, ,,,,,,
,17,E180K *,0.953,0.01,554.900,7.277000,0.00619,0.0002997000,"89,601.162603",225.247916,"6,507.210000",0.661900,MM,1.33E+00,7.47E-01,4.34E-01,1.31%,4.84%,0.25%,,,,,67,180, *,,,,,,
,3,WT4  *,1.977,0.01,916.301,13.500000,0.00628,0.0003408000,"145,798.964085",460.380218,"11,045.920000",0.713400,MM,1.35E+00,1.23E+00,7.06E-01,1.47%,5.42%,0.32%,,,,,12,4  *,,,,,,,
,5,H373R *,1.193,0.01,707.355,9.122000,0.00631,0.0002991000,"112,169.148070",270.989357,"8,477.600000",0.699600,MM,1.35E+00,9.52E-01,5.43E-01,1.29%,4.74%,0.24%,,,,,19,373, *,,,,,,
,7,M221A *,0.73,0.01,553.774,13.390000,0.00642,0.0005687000,"86,276.639328",727.742802,"6,553.980000",0.687400,MM,1.37E+00,7.45E-01,4.18E-01,2.42%,8.86%,0.84%,,,,,28,221, *,,,,,,
,5,V147S *,0.232,0.1,4.558,0.120057,0.00645,0.0006172000,706.410975,6.952923,52.860300,0.773300,MM,1.38E+00,6.13E-03,3.42E-03,2.63%,9.56%,0.98%,,,,,17,147, *,,,,,,
,6,T218A *,0.977,0.01,464.400,18.470000,0.00652,0.0009400000,"71,281.657713","1,596.652834","5,535.870000",0.802600,MM,1.40E+00,6.25E-01,3.45E-01,3.98%,14.43%,2.24%,,,,,23,218, *,,,,,,
,14,WT 7 *,0.912,0.01,731.525,16.120000,0.00658,0.0005284000,"111,257.030511",772.563213,"8,768.820000",0.731200,MM,1.41E+00,9.84E-01,5.39E-01,2.20%,8.04%,0.69%,,,,,54, 7 *,,,,,,,
,8,I91E *,0.487,0.01,846.100,34.990000,0.00671,0.0007891000,"126,057.806913","1,957.910956","11,235.690000",0.573100,MM,1.44E+00,1.14E+00,6.10E-01,4.14%,11.76%,1.55%,,,,,29,91, *,,,,,,
,8,A356A *,0.744,0.01,799.800,11.750000,0.00696,0.0003683000,"114,946.823800",346.865163,"9,561.500000",0.732200,MM,1.49E+00,1.08E+00,5.57E-01,1.47%,5.29%,0.30%,,,,,31,356, *,,,,,,
,31,E222K,0.5,0.01,108.000,3.146000,0.00722,0.0007525000,"14,954.306286",175.043750,"1,250.049000",0.662900,MM,1.55E+00,1.45E-01,7.24E-02,2.91%,10.42%,1.17%,,,,,120,222,,,,,,,
,19,E17S ,1.006,0.01,641.200,9.326000,0.00732,0.0003797000,"87,595.628415",254.220629,"7,504.470000",0.694700,MM,1.57E+00,8.63E-01,4.24E-01,1.45%,5.19%,0.29%,,,,,76,17, ,,,,,,
,24,H178A ,0.251,0.01,110.800,2.843000,0.00741,0.0006763000,"14,952.766532",134.400335,"1,286.459000",0.673800,MM,1.59E+00,1.49E-01,7.24E-02,2.57%,9.13%,0.90%,,,,,91,178, ,,,,,,
,17,E180L *,0.765,0.01,680.400,9.386000,0.00775,0.0003765000,"87,850.225952",224.318923,"7,999.580000",0.728200,MM,1.66E+00,9.15E-01,4.25E-01,1.38%,4.86%,0.26%,,,,,66,180, *,,,,,,
,9,L219A *,0.473,0.01,197.505,3.940000,0.00777,0.0005456000,"25,426.406348",135.562060,"2,304.976000",0.706600,MM,1.66E+00,2.66E-01,1.23E-01,1.99%,7.02%,0.53%,,,,,33,219, *,,,,,,
,12,V55G *,0.967,0.01,687.495,13.010000,0.00825,0.0005425000,"83,370.703919",390.684861,"8,125.380000",0.760300,MM,1.77E+00,9.25E-01,4.04E-01,1.89%,6.58%,0.47%,,,,,48,55, *,,,,,,
,7,S14A *,0.601,0.01,320.475,11.350000,0.00825,0.0010160000,"38,822.750546",636.803256,"3,802.430000",0.789200,MM,1.77E+00,4.31E-01,1.88E-01,3.54%,12.31%,1.64%,,,,,25,14, *,,,,,,
,26,N293A*,0.682,0.1,12.470,0.175309,0.00932,0.0004430000,"1,338.313479",3.289449,144.713500,0.751000,MM,2.00E+00,1.68E-02,6.48E-03,1.41%,4.75%,0.25%,,,,,102,293,*,,,,,,
,24,M323A *,0.348,0.01,415.600,10.580000,0.00934,0.0008040000,"44,477.739726",358.122620,"4,778.040000",0.717600,MM,2.00E+00,5.59E-01,2.15E-01,2.55%,8.60%,0.81%,,,,,92,323, *,,,,,,
,6,N404A *,1.413,0.1,3.705,0.048932,0.00942,0.0004195000,393.496376,0.849789,43.390100,0.774900,MM,2.02E+00,4.98E-03,1.91E-03,1.32%,4.46%,0.22%,,,,,24,404, *,,,,,,
,2,WT3  *,2.098,0.01,695.690,8.645000,0.00965,0.0004022000,"72,114.551058",136.484811,"8,092.140000",0.753700,MM,2.07E+00,9.36E-01,3.49E-01,1.24%,4.17%,0.19%,,,,,8,3  *,,,,,,,
,3,Q284R *,0.516,0.01,369.766,15.390000,0.00968,0.0013500000,"38,211.265080",809.874619,"4,250.370000",0.726700,MM,2.07E+00,4.98E-01,1.85E-01,4.16%,13.95%,2.12%,,,,,10,284, *,,,,,,
,22,R240A*,1.108,0.01,"7,260.000",385.300000,0.00978,0.0007388000,"742,255.393109","6,325.509834","498,290.090000",0.992800,MM,2.09E+00,9.77E+00,3.59E+00,5.31%,7.55%,0.85%,,,,,87,240,*,,,,,,
,24,N220A *,0.615,0.01,404.900,8.165000,0.01027,0.0006846000,"39,425.511198",191.222611,"4,639.800000",0.742400,MM,2.20E+00,5.45E-01,1.91E-01,2.02%,6.67%,0.49%,,,,,94,220, *,,,,,,
,25,C167A *,0.376,0.01,399.100,7.631000,0.01044,0.0006575000,"38,227.969349",165.601254,"4,580.860000",0.755900,MM,2.24E+00,5.37E-01,1.85E-01,1.91%,6.30%,0.43%,,,,,96,167, *,,,,,,
,8,H178A*,1.027,0.01,"1,059.000",16.190000,0.01062,0.0005325000,"99,717.514124",274.010508,"12,259.700000",0.795300,MM,2.27E+00,1.42E+00,4.83E-01,1.53%,5.01%,0.27%,,,,,32,178,*,,,,,,
,14,N407A  ,1.125,0.01,49.211,0.809400,0.01095,0.0005863000,"4,494.239257",14.100815,563.946000,0.802100,MM,2.34E+00,6.62E-02,2.18E-02,1.64%,5.35%,0.31%,,,,,55,407,  ,,,,,,
,23,T296A *,0.39,0.01,109.400,2.347000,0.01105,0.0007697000,"9,900.452489",52.593392,"1,244.853000",0.757200,MM,2.37E+00,1.47E-01,4.79E-02,2.15%,6.97%,0.53%,,,,,89,296, *,,,,,,
,24,L171A *,0.376,0.01,806.800,9.314000,0.01109,0.0004156000,"72,750.225428",111.865357,"9,242.800000",0.788600,MM,2.37E+00,1.09E+00,3.52E-01,1.15%,3.75%,0.15%,,,,,93,171, *,,,,,,
,5,N163A ,0.737,0.1,6.662,0.158923,0.01195,0.0009079000,557.735051,3.539202,75.179900,0.771300,MM,2.56E+00,8.96E-03,2.70E-03,2.39%,7.60%,0.63%,,,,,18,163, ,,,,,,
,7,Y295A ,0.69,0.1,0.248,0.030373,0.01295,0.0049540000,19.140123,3.087986,2.733990,0.772000,MM,2.77E+00,3.34E-04,9.27E-05,12.25%,38.25%,16.13%,,,,,26,295, ,,,,,,
,14,S19A * ,0.828,0.01,154.044,1.375000,0.01401,0.0003826000,"10,996.544660",9.079017,"1,718.292000",0.823800,MM,3.00E+00,2.07E-01,5.33E-02,0.89%,2.73%,0.08%,,,,,53,19, * ,,,,,,
,7,T352A *,0.7,0.01,59.514,2.405917,0.01426,0.0017550000,"4,174.132895",70.063820,659.287000,0.811700,MM,3.05E+00,8.01E-02,2.02E-02,4.04%,12.31%,1.68%,,,,,27,352, *,,,,,,
,32,N163D,0.9,0.01,12.826,0.487768,0.01501,0.0017140000,854.668288,12.384950,142.535800,0.848500,MM,3.21E+00,1.73E-02,4.14E-03,3.80%,11.42%,1.45%,,,,,126,163,,,,,,,
,9,H119A ,1.213,0.01,143.200,5.603000,0.01510,0.0017720000,"9,483.443709",145.117412,"1,582.263000",0.797300,MM,3.23E+00,1.93E-01,4.59E-02,3.91%,11.74%,1.53%,,,,,36,119, ,,,,,,
,14,N166D *,1.194,0.01,11.139,0.283888,0.01540,0.0011710000,723.246685,4.651174,122.038700,0.855400,MM,3.30E+00,1.50E-02,3.50E-03,2.55%,7.60%,0.64%,,,,,56,166, *,,,,,,
,20,W120F ,0.777,0.01,471.800,20.560000,0.01608,0.0020670000,"29,340.796020",540.539118,"5,115.110000",0.872400,MM,3.44E+00,6.35E-01,1.42E-01,4.36%,12.85%,1.84%,,,,,79,120, ,,,,,,
,9,F415A *,0.525,0.1,1.323,0.108776,0.01663,0.0039960000,79.525676,5.129694,14.563230,0.813000,MM,3.56E+00,1.78E-03,3.85E-04,8.22%,24.03%,6.45%,,,,,34,415, *,,,,,,
,6,W399A *,0.957,0.1,0.235,0.012213,0.01665,0.0025250000,14.124542,0.362943,2.574192,0.858500,MM,3.57E+00,3.16E-04,6.84E-05,5.19%,15.17%,2.57%,,,,,22,399, *,,,,,,
,11,M223G ,0.881,0.01,143.726,8.051000,0.01733,0.0028030000,"8,295.860759",243.180313,"1,554.836000",0.791700,MM,3.71E+00,1.93E-01,4.02E-02,5.60%,16.18%,2.93%,,,,,41,223, ,,,,,,
,32,E222Y,0.7,0.01,11.448,0.631320,0.01759,0.0027900000,650.851620,18.353329,123.564600,0.868300,MM,3.77E+00,1.54E-02,3.15E-03,5.51%,15.86%,2.82%,,,,,123,222,,,,,,,
,21,C167A *,0.579,0.01,540.700,13.940000,0.01780,0.0013160000,"30,376.404494",186.228845,"5,827.530000",0.844000,MM,3.81E+00,7.27E-01,1.47E-01,2.58%,7.39%,0.61%,,,,,84,167, *,,,,,,
1,1,P329W *,0.465,0.1,0.399,0.050470,0.01858,0.0069400000,21.460172,3.337890,4.129930,0.779300,MM,3.98E+00,5.36E-04,1.04E-04,12.66%,37.35%,15.55%,,,,,1,329, *,,,,,,
,3,T178R *,0.762,0.01,534.458,36.860000,0.02311,0.0042360000,"23,128.092614",887.156338,"5,389.890000",0.897700,MM,4.95E+00,7.19E-01,1.12E-01,6.90%,18.33%,3.84%,,,,,11,178, *,,,,,,
,11,H122N ,1.023,0.1,1.899,0.067163,0.02325,0.0021810000,81.681556,0.820780,19.266240,0.874000,MM,4.98E+00,2.56E-03,3.96E-04,3.54%,9.38%,1.00%,,,,,42,122, ,,,,,,
1,18,C167N+W120R,0.244,0.1,0.406,0.072940,0.02401,0.0109400000,16.925448,4.059173,4.206160,0.700600,MM,5.14E+00,5.47E-04,8.20E-05,17.95%,45.56%,23.98%,,,,,70,167,+,120,,,,,
,4,Y18A *,0.172,0.1,196.527,9.293000,0.03154,0.0035990000,"6,230.400373",95.039238,"1,846.520000",0.915200,MM,6.75E+00,2.64E-01,3.02E-02,4.73%,11.41%,1.53%,,,,,14,18, *,,,,,,
,29,w399s,1.5,0.1,0.212,0.034980,0.03161,0.0118200000,6.720342,1.121896,1.812694,0.939500,MM,6.77E+00,2.86E-04,3.25E-05,16.47%,37.39%,16.69%,,,,,113,w399s,,,,,,,
,26,Q19A*,0.257,0.1,0.361,0.033516,0.03219,0.0075490000,11.205840,0.713027,3.294158,0.907800,MM,6.89E+00,4.85E-04,5.43E-05,9.29%,23.45%,6.36%,,,,,101,19,*,,,,,,
,19,E406D ,0.271,0.1,39.103,1.254067,0.03413,0.0025740000,"1,145.731929",7.695529,358.143400,0.928800,MM,7.31E+00,5.26E-02,5.55E-03,3.21%,7.54%,0.67%,,,,,74,406, ,,,,,,
,12,Q22S *,0.431,0.1,0.721,0.084530,0.05723,0.0132300000,12.593130,0.846076,5.444055,0.943600,MM,1.23E+01,9.70E-04,6.10E-05,11.73%,23.12%,6.72%,,,,,45,22, *,,,,,,
,12,W402C *,0.847,0.1,2.423,0.090688,0.06023,0.0043620000,40.233907,0.267384,17.831640,0.969700,MM,1.29E+01,3.26E-03,1.95E-04,3.74%,7.24%,0.66%,,,,,47,402, *,,,,,,
,29,w399c,1,0.1,2.963,0.224240,0.07922,0.0105500000,37.399520,0.877522,18.991050,0.978500,MM,1.70E+01,3.99E-03,1.81E-04,7.57%,13.32%,2.35%,,,,,111,w399c,,,,,,,
,30,w120h,1,0.01,84.075,2.404249,0.08918,0.0043090000,942.790877,2.972186,509.918000,0.984300,MM,1.91E+01,1.13E-01,4.57E-03,2.86%,4.83%,0.32%,,,,,116,w120h,,,,,,,
,18,N220D+N293D,0.206,0.1,0.861,0.048185,0.03406,0.0044850000,25.284531,0.517697,7.946530,0.914800,MM ,7.29E+00,1.16E-03,1.22E-04,5.60%,13.17%,2.05%,,,,,69,220,+,293,,,,,
,26,W325A*,0.255,0.1,29.410,0.888000,0.00161,0.0002251000,"18,244.416873",372.387729,297.721000,0.355600,MM (sub inhibition?),3.45E-01,3.96E-02,8.84E-02,3.02%,13.96%,2.04%,,,,,100,325,*,,,,,,
,33,E222R,0.151,0.1,40.310,1.830000,0.00222,0.0004459000,"18,125.000000",765.945819,413.947000,0.359000,MM/not expressed,4.76E-01,5.42E-02,8.78E-02,4.54%,20.05%,4.23%,,,,,,,,,,,,,
1,21,W407G ,0.529,0.1,1.071,7.287000,1.12600,8.1420000000,0.951155,93.764194,0.904007,0.825900,not active,2.41E+02,1.44E-03,4.61E-06,680.39%,723.09%,9857.93%,,,,,83,407, ,,,,,,
,20,W407Q ,0.104,,,,,,,,,,not expressed,,,,,,,,,,,77,407, ,,,,,,
,2,F405A *,0.113,,,,,,,,,,not expressed,,,,,,,,,,,5,405, *,,,,,,
1,19,H315N ,0.083,,,,,,,,,,not expressed,,,,,,,,,,,73,315, ,,,,,,
,22,R76A *,0.103,,,,,,,,,,not expressed,,,,,,,,,,,85,76, *,,,,,,
,21,M323K ,0.051,,,,,,,,,,not expressed,,,,,,,,,,,81,323, ,,,,,,
,27,W409A*,0.103,,,,,,,,,,not expressed,,,,,,,,,,,104,409,*,,,,,,
,27,W34A,0.162,,,,,,,,,,not expressed,,,,,,,,,,,105,34,,,,,,,
,27,W407Q,0.1,,,,,,,,,,not expressed,,,,,,,,,,,103,407,,,,,,,
,21,W407R ,0.154,,,,,,,,,,not expressed,,,,,,,,,,,82,407, ,,,,,,
,23,S16A *,0.084,,,,,,,,,,not expressed,,,,,,,,,,,88,16, *,,,,,,
,13,M261E *,0.107,,,,,,,,,,not expressed,,,,,,,,,,,49,261, *,,,,,,
,2,H379R *,0.138,,,,,,,,,,not expressed,,,,,,,,,,,6,379, *,,,,,,
,3,W407A *,0.125,,,,,,,,,,not expressed,,,,,,,,,,,9,407, *,,,,,,
,4,D403A *,0.12,,,,,,,,,,not expressed,,,,,,,,,,,13,403, *,,,,,,
,26,W120A*,0.16,,,,,,,,,,not expressed,,,,,,,,,,,99,120,*,,,,,,
,25,E222A*,0.29,0.01,89.880,4.265000,0.00063,0.0001546000,"143,601.214251","9,084.620407",668.443000,0.145900,refit data to sub inhibition curve,1.34E-01,1.21E-01,6.95E-01,4.75%,24.70%,6.33%,,,,,95,222,*,,,,,,
,30,s298e,1.1,0.01,809.200,1.865000,0.00528,0.0000463400,"153,257.575758",12.619086,"9,651.420000",0.665300,,1.13E+00,1.09E+00,7.42E-01,0.23%,0.88%,0.01%,,,,,117,s298e,,,,,,,
,32,I244E,0.6,0.01,496.600,23.220000,0.00597,0.0010380000,"83,126.883160","2,691.348117","6,188.040000",0.767900,,1.28E+00,6.68E-01,4.03E-01,4.68%,17.38%,3.24%,,,,,124,244,,,,,,,
,31,E222H,0.7,0.01,160.400,2.646000,0.00862,0.0004895000,"18,599.257885",64.982968,"1,897.325000",0.767200,,1.85E+00,2.16E-01,9.01E-02,1.65%,5.68%,0.35%,,,,,119,222,,,,,,,
,30,wt11,1.3,0.01,855.700,35.810000,0.00944,0.0013320000,"90,675.002649","1,965.260002","10,121.370000",0.803200,,2.02E+00,1.15E+00,4.39E-01,4.18%,14.11%,2.17%,,,,,115,wt11,,,,,,,
,31,R240D,0.8,0.01,282.300,3.789000,0.01082,0.0004742000,"26,090.573013",54.813350,"3,232.200000",0.765800,,2.32E+00,3.80E-01,1.26E-01,1.34%,4.38%,0.21%,,,,,122,240,,,,,,,
,31,E222Q,1.3,0.01,667.600,11.270000,0.01216,0.0006510000,"54,901.315789",172.999731,"7,595.980000",0.786200,,2.60E+00,8.98E-01,2.66E-01,1.69%,5.35%,0.32%,,,,,121,222,,,,,,,
,30,r240k,1.4,0.01,898.300,58.700000,0.01767,0.0033170000,"50,837.577816","2,008.520982","9,639.180000",0.862100,,3.78E+00,1.21E+00,2.46E-01,6.53%,18.77%,3.95%,,,,,118,r240k,,,,,,,
,,,,,,,,,,,,,,,,,,,,,,,,109,#VALUE!,,,,,,,
,,,,,,,,,,,,,,,,,,,,,,,,,,,,,,,,
,,,,,,,,,,,,,,,,,,,,,,,,,,,,,,,,
,,,,,,,,,,,,,,,,,,,,,,,,,,,,,,,,
,,,,,,,,,,,,,,,,,,,,,,,,,,,,,,,,
,,,,,,,,,,,,,,,,,,,,,,,,,,,,,,,,
,,,,,,,,,,,,,,,,,,,,,,,,,,,,,,,,
,,,,,,,,,,,,,,,,,,,,,,,,,,,,,,,,
,,,,,,,,,,,,,,,,,,,,,,,,,,,,,,,,
,,,,,,,,,,,,,,,,,,,,,,,,,,,,,,,,
,,,,,,,,,,,,,,,,,,,,,,,,,,,,,,,,