Plate,Sample,Yield,Dilution,Well,Max V [420],kobs,S,Vmax correction per [S],,,,
9,L219A ,0.473,0.01,A1,0.0092145,176.6231614,0.07500,4.81E-07,,,,
9,L219A ,0.473,0.01,B1,0.0070370,134.8836831,0.01875,3.83E-07,,,,
9,L219A ,0.473,0.01,C1,0.0035364,67.7845390,0.00469,2.90E-07,,,,
9,L219A ,0.473,0.01,D1,0.0012897,24.7207376,0.00117,2.78E-07,,,,
9,L219A ,0.473,0.01,E1,0.0003691,7.0746846,0.00029,1.57E-07,,,,
9,L219A ,0.473,0.01,F1,0.0001127,2.1607411,0.00007,4.12E-07,,,,
9,L219A ,0.473,0.01,G1,0.0000770,1.4753447,0.00002,3.65E-07,,,,
9,L219A ,0.473,0.01,H1,-0.0000212,-0.4065911,0.00000,4.26E-07,,,,
9,L219A ,0.473,0.01,A2,0.0093545,179.3066624,0.07500,4.81E-07,,,,
9,L219A ,0.473,0.01,B2,0.0074321,142.4578935,0.01875,3.83E-07,,,,
9,L219A ,0.473,0.01,C2,0.0034145,65.4495461,0.00469,2.90E-07,,,,
9,L219A ,0.473,0.01,D2,0.0013115,25.1389459,0.00117,2.78E-07,,,,
9,L219A ,0.473,0.01,E2,0.0004085,7.8297823,0.00029,1.57E-07,,,,
9,L219A ,0.473,0.01,F2,0.0001206,2.3117606,0.00007,4.12E-07,,,,
9,L219A ,0.473,0.01,G2,0.0000497,0.9525848,0.00002,3.65E-07,,,,
9,L219A ,0.473,0.01,H2,-0.0000442,-0.8480328,0.00000,4.26E-07,,,,
9,L219A ,0.473,0.01,A3,0.0089970,172.4526979,0.07500,4.81E-07,,,,
9,L219A ,0.473,0.01,B3,0.0082855,158.8144708,0.01875,3.83E-07,,,,
9,L219A ,0.473,0.01,C3,0.0041152,78.8786671,0.00469,2.90E-07,,,,
9,L219A ,0.473,0.01,D3,0.0012909,24.7439710,0.00117,2.78E-07,,,,
9,L219A ,0.473,0.01,E3,0.0004158,7.9691850,0.00029,1.57E-07,,,,
9,L219A ,0.473,0.01,F3,0.0001255,2.4046958,0.00007,4.12E-07,,,,
9,L219A ,0.473,0.01,G3,0.0000461,0.8828835,0.00002,3.65E-07,,,,
9,L219A ,0.473,0.01,H3,0.0000479,0.9177341,0.00000,4.26E-07,,,,
9,F415A ,0.525,0.1,A4,0.0007903,1.3648006,0.07500,4.81E-07,,,,
9,F415A ,0.525,0.1,B4,0.0003873,0.6687942,0.01875,3.83E-07,,,,
9,F415A ,0.525,0.1,C4,0.0001933,0.3338738,0.00469,2.90E-07,,,,
9,F415A ,0.525,0.1,D4,0.0000533,0.0921031,0.00117,2.78E-07,,,,
9,F415A ,0.525,0.1,E4,0.0000255,0.0439583,0.00029,1.57E-07,,,,
9,F415A ,0.525,0.1,F4,0.0000515,0.0889632,0.00007,4.12E-07,,,,
9,F415A ,0.525,0.1,G4,-0.0000352,-0.0607043,0.00002,3.65E-07,,,,
9,F415A ,0.525,0.1,H4,-0.0000248,-0.0429117,0.00000,4.26E-07,,,,
9,F415A ,0.525,0.1,A5,0.0005655,0.9765023,0.07500,4.81E-07,,,,
9,F415A ,0.525,0.1,B5,0.0003624,0.6258825,0.01875,3.83E-07,,,,
9,F415A ,0.525,0.1,C5,0.0001697,0.2930554,0.00469,2.90E-07,,,,
9,F415A ,0.525,0.1,D5,0.0000552,0.0952430,0.00117,2.78E-07,,,,
9,F415A ,0.525,0.1,E5,0.0000576,0.0994295,0.00029,1.57E-07,,,,
9,F415A ,0.525,0.1,F5,-0.0000315,-0.0544246,0.00007,4.12E-07,,,,
9,F415A ,0.525,0.1,G5,0.0021891,3.7804140,0.00002,3.65E-07,,,,
9,F415A ,0.525,0.1,H5,-0.0000333,-0.0575644,0.00000,4.26E-07,,,,
9,F415A ,0.525,0.1,A6,0.0005612,0.9691759,0.07500,4.81E-07,,,,
9,F415A ,0.525,0.1,B6,0.0003618,0.6248359,0.01875,3.83E-07,,,,
9,F415A ,0.525,0.1,C6,0.0002503,0.4322566,0.00469,2.90E-07,,,,
9,F415A ,0.525,0.1,D6,0.0000594,0.1025694,0.00117,2.78E-07,,,,
9,F415A ,0.525,0.1,E6,0.0000612,0.1057093,0.00029,1.57E-07,,,,
9,F415A ,0.525,0.1,F6,-0.0000745,-0.1287350,0.00007,4.12E-07,,,,
9,F415A ,0.525,0.1,G6,-0.0000200,-0.0345387,0.00002,3.65E-07,,,,
9,F415A ,0.525,0.1,H6,-0.0000352,-0.0607043,0.00000,4.26E-07,,,,
9,K413A ,1.108,0.01,A7,0.0964715,789.3947144,0.07500,4.81E-07,,,,
9,K413A ,1.108,0.01,B7,0.0965770,790.2576181,0.01875,3.83E-07,,,,
9,K413A ,1.108,0.01,C7,0.0860855,704.4089975,0.00469,2.90E-07,,,,
9,K413A ,1.108,0.01,D7,0.0239800,196.2204621,0.00117,2.78E-07,,,,
9,K413A ,1.108,0.01,E7,0.0048042,39.3115373,0.00029,1.57E-07,,,,
9,K413A ,1.108,0.01,F7,0.0011479,9.3927151,0.00007,4.12E-07,,,,
9,K413A ,1.108,0.01,G7,0.0019115,15.6413009,0.00002,3.65E-07,,,,
9,K413A ,1.108,0.01,H7,0.0000461,0.3768988,0.00000,4.26E-07,,,,
9,K413A ,1.108,0.01,A8,0.0950285,777.5868740,0.07500,4.81E-07,,,,
9,K413A ,1.108,0.01,B8,0.0821479,672.1891066,0.01875,3.83E-07,,,,
9,K413A ,1.108,0.01,C8,0.0688424,563.3149395,0.00469,2.90E-07,,,,
9,K413A ,1.108,0.01,D8,0.0183230,149.9313350,0.00117,2.78E-07,,,,
9,K413A ,1.108,0.01,E8,0.0059073,48.3372718,0.00029,1.57E-07,,,,
9,K413A ,1.108,0.01,F8,0.0015079,12.3384769,0.00007,4.12E-07,,,,
9,K413A ,1.108,0.01,G8,0.0004782,3.9128047,0.00002,3.65E-07,,,,
9,K413A ,1.108,0.01,H8,0.0001024,0.8381039,0.00000,4.26E-07,,,,
9,K413A ,1.108,0.01,A9,0.0953788,780.4532884,0.07500,4.81E-07,,,,
9,K413A ,1.108,0.01,B9,0.0815394,667.2100738,0.01875,3.83E-07,,,,
9,K413A ,1.108,0.01,C9,0.0682485,558.4549318,0.00469,2.90E-07,,,,
9,K413A ,1.108,0.01,D9,0.0147624,120.7960658,0.00117,2.78E-07,,,,
9,K413A ,1.108,0.01,E9,0.0039406,32.2446851,0.00029,1.57E-07,,,,
9,K413A ,1.108,0.01,F9,0.0010473,8.5694885,0.00007,4.12E-07,,,,
9,K413A ,1.108,0.01,G9,0.0002994,2.4498423,0.00002,3.65E-07,,,,
9,K413A ,1.108,0.01,H9,-0.0000527,-0.4314500,0.00000,4.26E-07,,,,
9,H119A ,1.213,0.01,A10,0.0152952,114.3214889,0.07500,4.81E-07,,,,
9,H119A ,1.213,0.01,B10,0.0092794,69.3575407,0.01875,3.83E-07,,,,
9,H119A ,1.213,0.01,C10,0.0046024,34.4001804,0.00469,2.90E-07,,,,
9,H119A ,1.213,0.01,D10,0.0007527,5.6261554,0.00117,2.78E-07,,,,
9,H119A ,1.213,0.01,E10,0.0002176,1.6262398,0.00029,1.57E-07,,,,
9,H119A ,1.213,0.01,F10,0.0000600,0.4484617,0.00007,4.12E-07,,,,
9,H119A ,1.213,0.01,G10,-0.0006642,-4.9647877,0.00002,3.65E-07,,,,
9,H119A ,1.213,0.01,H10,0.0000436,0.3261539,0.00000,4.26E-07,,,,
9,H119A ,1.213,0.01,A11,0.0159491,119.2092652,0.07500,4.81E-07,,,,
9,H119A ,1.213,0.01,B11,0.0123133,92.0342970,0.01875,3.83E-07,,,,
9,H119A ,1.213,0.01,C11,0.0035085,26.2236823,0.00469,2.90E-07,,,,
9,H119A ,1.213,0.01,D11,0.0006715,5.0191467,0.00117,2.78E-07,,,,
9,H119A ,1.213,0.01,E11,0.0001764,1.3182055,0.00029,1.57E-07,,,,
9,H119A ,1.213,0.01,F11,0.0000909,0.6794874,0.00007,4.12E-07,,,,
9,H119A ,1.213,0.01,G11,0.0000248,0.1857265,0.00002,3.65E-07,,,,
9,H119A ,1.213,0.01,H11,0.0053594,40.0580452,0.00000,4.26E-07,,,,
9,H119A ,1.213,0.01,A12,0.0158927,118.7879803,0.07500,4.81E-07,,,,
9,H119A ,1.213,0.01,B12,0.0121236,90.6164332,0.01875,3.83E-07,,,,
9,H119A ,1.213,0.01,C12,0.0042891,32.0582141,0.00469,2.90E-07,,,,
9,H119A ,1.213,0.01,D12,0.0007224,5.3996596,0.00117,2.78E-07,,,,
9,H119A ,1.213,0.01,E12,0.0002085,1.5582911,0.00029,1.57E-07,,,,
9,H119A ,1.213,0.01,F12,0.0000691,0.5164104,0.00007,4.12E-07,,,,
9,H119A ,1.213,0.01,G12,-0.0000430,-0.3216240,0.00002,3.65E-07,,,,
9,H119A ,1.213,0.01,H12,-0.0000455,-0.3397437,0.00000,4.26E-07,,,,