sample,native,designed,seq,expr,yield,kcat,err1,km,err2,linear_slope,std_err,R,ki,err6,note
w34a,w,a,34,0,NaN,NaN,NaN,NaN,NaN,NaN,NaN,NaN,NaN,NaN,
w120a,w,a,120,0,NaN,NaN,NaN,NaN,NaN,NaN,NaN,NaN,NaN,NaN,
h315n,h,n,315,0,NaN,NaN,NaN,NaN,NaN,NaN,NaN,NaN,NaN,NaN,
m323k,m,k,323,0,NaN,NaN,NaN,NaN,NaN,NaN,NaN,NaN,NaN,NaN,
d403a,d,a,403,0,NaN,NaN,NaN,NaN,NaN,NaN,NaN,NaN,NaN,NaN,
f405a,f,a,405,0,NaN,NaN,NaN,NaN,NaN,NaN,NaN,NaN,NaN,NaN,
w407q,w,q,407,0,NaN,NaN,NaN,NaN,NaN,NaN,NaN,NaN,NaN,NaN,
w409a,w,a,409,0,NaN,NaN,NaN,NaN,NaN,NaN,NaN,NaN,NaN,NaN,
a357a,a,a,357,1,1.92,695.0,18.59475534,0.0041300,0.000405753,NaN,NaN,NaN,NaN,NaN,
i300n,i,n,300,1,1.51,693.0,12.73800472,0.0044800,0.000323298,NaN,NaN,NaN,NaN,NaN,
w399s,w,s,399,1,1.5,NaN,NaN,NaN,NaN,0,0,,NaN,NaN,
q313r,q,r,313,1,1.44,689.0,23.932799,0.0035800,0.000508533,NaN,NaN,NaN,NaN,NaN,
e154d,e,d,154,1,1.42,878.0,46.70017927,0.0034600,0.000756101,NaN,NaN,NaN,NaN,NaN,
n404a,n,a,404,1,1.41,3.7,0.048931891,0.0094200,0.000419513,NaN,NaN,NaN,NaN,NaN,
r240k,r,k,240,1,1.4,898.0,58.70074807,0.0177000,0.003317,NaN,NaN,NaN,NaN,NaN,"kcat OK, km is bad"
e222q,e,q,222,1,1.3,668.0,11.27012607,0.0122000,0.000650977,NaN,NaN,NaN,NaN,NaN,
w399g,w,g,399,1,1.27,NaN,NaN,NaN,NaN,0,0,,NaN,NaN,
h119a,h,a,119,1,1.21,143.0,10.61862693,0.0151000,0.003357541,NaN,NaN,NaN,NaN,NaN,
n163d,n,d,163,1,1.19,12.0,0.372670791,0.0152000,0.001414564,NaN,NaN,NaN,NaN,NaN,
h373r,h,r,373,1,1.19,707.0,9.121570035,0.0063100,0.000299053,NaN,NaN,NaN,NaN,NaN,
a192s,a,s,192,1,1.17,946.0,9.727619017,0.0050900,0.000184245,NaN,NaN,NaN,NaN,NaN,
n407a,n,a,407,1,1.13,49.5,0.971121341,0.0111000,0.000641985,NaN,NaN,NaN,NaN,NaN,
n220h,n,h,220,1,1.12,123.0,1.338147486,0.0051400,0.000214575,NaN,NaN,NaN,NaN,NaN,
w325h,w,h,325,1,1.12,34.9,1.173385229,0.0030800,0.000433384,NaN,NaN,NaN,NaN,NaN,
r240a,r,a,240,1,1.11,11000.0,258.3864814,0.0195000,0.001165254,NaN,NaN,NaN,NaN,NaN,
k413a,k,a,413,1,1.11,835.0,32.63669733,0.0029200,0.000483053,NaN,NaN,NaN,NaN,NaN,
n163c,n,c,163,1,1.1,25.8,0.40267068,0.0054200,0.000320118,NaN,NaN,NaN,NaN,NaN,
s298e,s,e,298,1,1.1,809.0,1.864820996,0.0052800,4.6300000E-05,NaN,NaN,NaN,NaN,NaN,
e423s,e,s,423,1,1.08,646.0,12.21120866,0.0066000,0.000415937,NaN,NaN,NaN,NaN,NaN,
l171r,l,r,171,1,1.07,403.0,6.716998182,0.0033600,0.000231079,NaN,NaN,NaN,NaN,NaN,
h101r,h,r,101,1,1.03,1060.0,16.18974356,0.0106000,0.000532458,NaN,NaN,NaN,NaN,NaN,
h119n,h,n,119,1,1.02,1.9,0.06760565,0.0232000,0.00219608,NaN,NaN,NaN,NaN,NaN,"kcat OK, km is bad"
e17s,e,s,17,1,1.01,641.0,9.32605281,0.0073200,0.000379677,NaN,NaN,NaN,NaN,NaN,
w120h,w,h,120,1,1,84.1,2.404236181,0.0892000,0.004308855,NaN,NaN,NaN,NaN,NaN,
t218a,t,a,218,1,0.98,464.0,18.47375834,0.0065100,0.000939976,NaN,NaN,NaN,NaN,NaN,
v52g,v,g,52,1,0.97,687.0,13.01197546,0.0082500,0.00054247,NaN,NaN,NaN,NaN,NaN,
e177a,e,a,177,1,0.96,986.0,9.964381418,0.0059800,0.00022469,NaN,NaN,NaN,NaN,NaN,
w399a,w,a,399,1,0.96,0.2,0.012212704,0.0166000,0.002524922,NaN,NaN,NaN,NaN,NaN,
e177k,e,k,177,1,0.95,555.0,7.277036732,0.0061900,0.000299735,NaN,NaN,NaN,NaN,NaN,
c167q,c,q,167,1,0.94,504.0,5.540033687,0.0049200,0.000191761,NaN,NaN,NaN,NaN,NaN,
k341a,k,a,341,1,0.92,1050.0,16.78583123,0.0054600,0.000331363,NaN,NaN,NaN,NaN,NaN,
s331a,s,a,331,1,0.89,817.0,5.380764902,0.0043400,0.000112888,NaN,NaN,NaN,NaN,NaN,
m223g,m,g,223,1,0.88,154.0,9.099146282,0.0192000,0.002912761,NaN,NaN,NaN,NaN,NaN,
t175r,t,r,175,1,0.86,801.0,8.253325995,0.0035900,0.000151183,NaN,NaN,NaN,NaN,NaN,
w399c,w,c,399,1,0.85,2.7,0.126097121,0.0703000,0.005886289,NaN,NaN,NaN,NaN,NaN,
w325l,w,l,325,1,0.84,109.0,1.842953679,0.0057400,0.000350318,NaN,NaN,NaN,NaN,NaN,
s16a,s,a,16,1,0.83,154.0,1.442363334,0.0140000,0.000401239,NaN,NaN,NaN,NaN,NaN,
r240d,r,d,240,1,0.8,282.0,3.78948573,0.0108000,0.000474169,NaN,NaN,NaN,NaN,NaN,
a408a,a,a,408,1,0.8,1470.0,27.38703565,0.0043500,0.000320618,NaN,NaN,NaN,NaN,NaN,
w120f,w,f,120,1,0.78,472.0,20.56404981,0.0161000,0.002066685,NaN,NaN,NaN,NaN,NaN,
e177l,e,l,177,1,0.77,670.0,10.05508007,0.0074800,0.000364008,NaN,NaN,NaN,NaN,NaN,
y295g,y,g,295,1,0.77,NaN,NaN,NaN,NaN,0,0,0,NaN,NaN,
n163a,n,a,163,1,0.74,6.7,0.158924897,0.0119000,0.000907955,NaN,NaN,NaN,NaN,NaN,
a356a,a,a,356,1,0.74,800.0,11.74705107,0.0069600,0.000368328,NaN,NaN,NaN,NaN,NaN,
m221a,m,a,221,1,0.73,547.0,15.46373274,0.0062500,0.00059533,NaN,NaN,NaN,NaN,NaN,
y294f,y,f,294,1,0.73,735.0,10.70883962,0.0059900,0.000324174,NaN,NaN,NaN,NaN,NaN,
e222h,e,h,222,1,0.7,160.0,3.140327763,0.0085400,0.000527835,NaN,NaN,NaN,NaN,NaN,
e222y,e,y,222,1,0.7,11.7,0.772030581,0.0184000,0.003141318,NaN,NaN,NaN,NaN,NaN,
t352a,t,a,352,1,0.7,59.5,2.405929193,0.0143000,0.001755037,NaN,NaN,NaN,NaN,NaN,
y295a,y,a,295,1,0.69,NaN,NaN,NaN,0.004953353,0,0,0,NaN,NaN,
n293a,n,a,293,1,0.68,12.7,0.189422426,0.0096700,0.000440147,NaN,NaN,NaN,NaN,NaN,
s17a,s,a,17,1,0.65,848.0,75.62225056,0.0185000,0.003720556,NaN,NaN,NaN,NaN,NaN,
n220a,n,a,220,1,0.62,405.0,8.164493782,0.0103000,0.000684572,NaN,NaN,NaN,0.14986304,0.017562129,
m358t,m,t,358,1,0.62,436.0,11.14733053,0.0048300,0.000478369,NaN,NaN,NaN,NaN,NaN,
s14a,s,a,14,1,0.6,320.0,11.35092348,0.0082500,0.001015984,NaN,NaN,NaN,NaN,NaN,
i244e,i,e,244,1,0.6,497.0,23.21944126,0.0059700,0.001038249,NaN,NaN,NaN,NaN,NaN,
y294a,y,a,294,1,0.59,166.0,1.598260541,0.0049800,0.000169928,NaN,NaN,NaN,NaN,NaN,
c167a,c,a,167,1,0.58,479.0,14.37735274,0.0146000,0.001267013,NaN,NaN,NaN,NaN,NaN,
e406a,e,a,406,1,0.57,NaN,NaN,NaN,NaN,5,0.298062968,0.97,NaN,NaN,
e353a,e,a,353,1,0.56,NaN,NaN,NaN,NaN,2,0.119813569,0.96,NaN,NaN,
w407g,w,g,407,1,0.53,NaN,NaN,NaN,8.091550433,0,0,0,NaN,NaN,
f415a,f,a,415,1,0.53,1.3,0.108772827,0.0166000,0.003995537,NaN,NaN,NaN,NaN,NaN,
q284r,q,r,284,1,0.52,370.0,15.36823299,0.0096800,0.001349035,NaN,NaN,NaN,NaN,NaN,
e222k,e,k,222,1,0.5,108.0,3.146458204,0.0072200,0.000752455,NaN,NaN,NaN,NaN,NaN,
i91e,i,e,91,1,0.49,846.0,34.98685619,0.0067100,0.00078916,NaN,NaN,NaN,NaN,NaN,
l219a,l,a,219,1,0.47,199.0,4.712331329,0.0078700,0.000597443,NaN,NaN,NaN,NaN,NaN,
p329w,p,w,329,1,0.47,NaN,NaN,NaN,0.009591514,0,0,0,NaN,NaN,
wt,,,,1,0.47,884.0,9.258694536,0.0051500,0.000206186,NaN,NaN,NaN,NaN,NaN,
f75a,f,a,75,1,0.44,613.0,8.3812679,0.0054700,0.000282516,NaN,NaN,NaN,NaN,NaN,
q19s,q,s,,1,0.43,NaN,NaN,NaN,,5,0.277266021,0.97,NaN,NaN,
e164a,e,a,164,1,0.42,0.2,0.006911119,0.0010100,0.000169684,NaN,NaN,NaN,NaN,NaN,
s400a,s,a,400,1,0.41,531.0,8.900238747,0.0032200,0.000224826,NaN,NaN,NaN,NaN,NaN,
q19c,q,c,,1,0.4,NaN,NaN,NaN,1E+12,8,0.710315386,0.93,NaN,NaN,
t296a,t,a,296,1,0.39,109.0,2.346636616,0.0110000,0.00076966,NaN,NaN,NaN,NaN,NaN,
l171a,l,a,171,1,0.38,807.0,9.314310222,0.0111000,0.000415631,NaN,NaN,NaN,NaN,NaN,
m323a,m,a,323,1,0.35,416.0,10.58107411,0.0093400,0.000804005,NaN,NaN,NaN,NaN,NaN,
n354a,n,a,354,1,0.34,3.0,0.104873172,0.0053800,0.000666723,NaN,NaN,NaN,NaN,NaN,
e222a,e,a,222,1,0.29,89.9,4.26483781,0.0006260,0.000154643,NaN,NaN,NaN,0.0952407,0.013695022,
e406d,e,d,406,1,0.27,39.1,1.254061136,0.0341000,0.002574435,NaN,NaN,NaN,NaN,NaN,
q19a,q,a,19,1,0.26,NaN,NaN,NaN,,3,0.223346933,0.95,NaN,NaN,could go either way (linear or mm)
w325a,w,a,325,1,0.26,29.4,0.887988801,0.0016100,0.000225121,NaN,NaN,NaN,0.171020243,0.019854551,
h119e,h,e,119,1,0.25,NaN,NaN,NaN,,3,0.077095791,0.99,NaN,NaN,
h178a,h,a,178,1,0.25,113.0,3.328990782,0.0076700,0.000729569,NaN,NaN,NaN,NaN,NaN,
v147s,v,s,147,1,0.23,4.6,0.120054911,0.0064500,0.000617223,NaN,NaN,NaN,NaN,NaN,
w325c,w,c,325,1,0.22,10.5,0.3337294,0.0041800,0.000530391,NaN,NaN,NaN,NaN,NaN,
i244n,i,n,244,1,0.21,271.0,3.68627851,0.0021500,0.000129658,NaN,NaN,NaN,NaN,NaN,
y166p,y,p,166,1,0.18,26.5,1.193985574,0.0025000,0.000454196,NaN,NaN,NaN,0.094951442,0.010175695,
y18a,y,a,18,1,0.17,197.0,9.331379739,0.0315000,0.003614117,NaN,NaN,NaN,NaN,NaN,"kcat OK, km is bad"
g355a,g,a,355,1,0.17,1.0,0.083203599,0.0059100,0.001649393,NaN,NaN,NaN,NaN,NaN,high km err but OK
e222r,e,r,222,1,0.15,42.3,1.873084744,0.0024800,0.000442408,NaN,NaN,NaN,NaN,NaN,
w407r,w,r,407,1,0.15,NaN,NaN,NaN,0.198742236,0,0,0,NaN,NaN,
h379r,h,r,379,1,0.14,2.4,0.086642644,0.0062400,0.00083972,NaN,NaN,NaN,NaN,NaN,
w407a,w,a,407,1,0.13,11.4,0.489003991,0.0076100,0.001152915,NaN,NaN,NaN,NaN,NaN,
m261e,m,e,261,1,0.11,61.6,4.96331639,0.0101000,0.002703741,NaN,NaN,NaN,NaN,NaN,high km err but OK
r76a,r,a,76,1,0.1,2.6,0.159475742,0.0135000,0.002557717,NaN,NaN,NaN,NaN,NaN,