,sample,kcat,km,eff,seq
10,W399S,,,0,399
16,W399G,,,0,399
51,Y295G,,,0,295
59,Y295A,,,0,295
70,W407G,,,0,407
76,P329W,,,0,329
100,W407R,,,0,407
69,E353A,,,0,353
89,Q19A,,,0,19
91,H119E,,,0,119
68,E406A,,,0,406
79,Q19S,,,0,19
82,Q19C,,,0,19
0,W34A,,,,34
1,W120A,,,,120
2,H315N,,,,315
3,M323K,,,,323
4,D403A,,,,403
5,F405A,,,,405
6,W407Q,,,,407
7,W409A,,,,409
8,A357A,2.8481891169913984,1.000179326592633,2.84767845251759,357
9,I300N,2.846955325019824,1.000194520358585,2.84640164195175,300
11,Q313R,2.844477175745681,1.0001554496007026,2.84403507162941,313
12,E154D,2.948412965778601,1.0001502399007343,2.94797006304896,154
13,N404A,1.1367205671564067,1.0004089128342315,1.13625593752058,404
14,R240K,2.958085848521085,1.000768021734068,2.95581571780791,240
15,E222Q,2.831229693867063,1.0005295163285992,2.82973130493555,222
17,H119A,2.1846914308175984,1.000655290048104,2.183260761768,119
18,N163D,1.3424226808222062,1.0006596264233147,1.34153776706318,163
19,H373R,2.8555191556677997,1.0002739533948717,2.85473709075032,373
20,A192S,2.9804578922760996,1.0002209996516476,2.97979935765608,192
21,N407A,1.7745169657285496,1.0004817995256172,1.77366241601791,407
22,N220H,2.123851640967086,1.0002231700139168,2.12337776672134,220
23,W325H,1.652246341003323,1.000133742105199,1.65202539564907,325
24,R240A,4.0417873189717515,1.0008460496091733,4.03837065705565,240
25,K413A,2.926856708949692,1.0001267954774768,2.92648564380516,413
26,N163C,1.5538830266438741,1.0002353238421895,1.55351744694935,163
27,S298E,2.913283901760418,1.0002292469705691,2.91261619332167,298
28,E423S,2.81690383937566,1.0002865398103167,2.81609691549966,423
29,L171R,2.615950051656401,1.0001458984363545,2.6155684443102,171
30,H101R,3.0293837776852093,1.0004601083364577,3.02799057397941,101
31,H119N,1.0755469613925306,1.0010063962292688,1.07446562324082,119
32,E17S,2.8135809885681917,1.0003177872647988,2.81268715241129,17
33,W120H,1.9735896234272567,1.0038567312161262,1.96600726184935,120
34,T218A,2.675778341674085,1.0002826337204216,2.675022290172,218
35,V52G,2.843232778098009,1.0003581452329666,2.84221485239756,52
36,E177A,2.9982593384236984,1.0002596304783997,2.99748110097146,177
37,W399A,1.0086001717619173,1.000720331130396,1.00787416862274,399
38,E177K,2.7520484478194382,1.000268745116263,2.75130904694974,177
39,C167Q,2.7109631189952754,1.000213620338801,2.71038412582004,167
40,K341A,3.02530586526477,1.000237060075606,3.02458885600189,341
41,S331A,2.917505509552546,1.0001884429159904,2.91695582989015,331
42,M223G,2.214843848047698,1.000833045936821,2.21300031712533,223
43,T175R,2.909020854211156,1.000155883739546,2.90856745583942,175
44,W399C,1.1038037209559568,1.0030424086274876,1.10045568508548,399
45,W325L,2.0755469613925306,1.0002492135151742,2.07502983591303,325
46,S16A,2.214843848047698,1.00060758706289,2.21349895471909,16
47,R240D,2.465382851448418,1.000468784942128,2.46422765862808,240
48,A408A,3.170261715394957,1.0001888770218534,3.16966303887989,408
49,W120F,2.683047038238849,1.0006986518519165,2.68117383117639,120
50,E177L,2.8325089127062357,1.000324730838265,2.83158940830405,177
52,N163A,1.2227164711475833,1.000516503174991,1.22208526023056,163
53,A356A,2.9084850188786495,1.0003021638185892,2.90760644541215,356
54,M221A,2.745855195173729,1.0002713492633748,2.74511031151282,221
55,Y294F,2.8721562727482928,1.000260064513112,2.87140952102926,294
56,E222H,2.2304489213782737,1.0003707292086952,2.22962233525424,222
57,E222Y,1.3364597338485293,1.0007983675735734,1.33539359890121,222
58,T352A,1.8419848045901135,1.0006205974875972,1.84084238243251,352
60,N293A,1.3560258571931225,1.00041975984281,1.35545689082170,293
61,S17A,2.9334872878487053,1.0008027025204154,2.93113445883093,17
62,N220A,2.6180480967120925,1.0004470931029188,2.61687810855858,220
63,M358T,2.649334858712142,1.0002097135930024,2.64877937367262,358
64,S14A,2.518513939877887,1.0003581452329666,2.51761226904527,14
65,I244E,2.705007959333336,1.000259196443254,2.70430701257421,244
66,Y294A,2.2455126678141495,1.0002162248164759,2.2450272372118,294
67,C167A,2.6893088591236203,1.000633607522555,2.68760597176225,167
71,F415A,1.0530784434834197,1.000720331130396,1.05232042432263,415
72,Q284R,2.57978359661681,1.0004201937175181,2.57870004305935,284
73,E222K,2.0718820073061255,1.0003134474750068,2.07123278461964,222
74,I91E,2.932473764677153,1.0002913138724792,2.93161974317713,91
75,L219A,2.320146286111054,1.0003416553335114,2.31935386649227,219
77,WT,2.951337518795917,1.000223604085069,2.9506777352006,
78,F75A,2.7944880466591693,1.0002374941328758,2.79382452972508,75
80,E164A,1.0086001717619173,1.0000438615277023,1.00855593495784,164
81,S400A,2.733197265106569,1.0001398203133103,2.73281516203439,400
83,T296A,2.0755469613925306,1.0004774613744551,2.07455644082291,296
84,L171A,2.9122220565324155,1.0004817995256172,2.91081962501792,171
85,M323A,2.629409599102719,1.0004054417342678,2.62834395876982,323
86,N354A,1.1139433523068367,1.0002335876018318,1.11368320971668,354
87,E222A,1.9995654882259821,1.0000271859836547,1.9995111295491,222
88,E406D,1.6910814921229682,1.0014784248990058,1.68858504594695,406
90,W325A,1.595496221825574,1.0000699157835167,1.59538467925571,325
92,H178A,2.0899051114393976,1.0003329761875694,2.08920945444022,178
93,V147S,1.1643528557844371,1.0002800296409733,1.1640268937513,147
94,W325C,1.3117538610557542,1.0001814971631704,1.31151582465413,325
95,I244N,2.4487063199050794,1.0000933632774163,2.44847772200027,244
96,Y166P,1.5622928644564746,1.0001085600510347,1.56212328027345,166
97,Y18A,2.3159703454569174,1.0013658774885854,2.31281132852794,18
98,G355A,1.041392685158225,1.0002565922232691,1.0411255404411,355
99,E222R,1.7185016888672742,1.0001076916782956,1.71831664046442,222
101,H379R,1.093421685162235,1.0002709152399405,1.09312554079407,379
102,W407A,1.3304137733491908,1.000330372409964,1.32997438650593,407
103,M261E,1.8549130223078554,1.0004384160638602,1.85410015501589,261
104,R76A,1.1003705451175627,1.000585902155538,1.09972621315877,76