sample,seq,yield,kcat,err1,%err_kcat,km,err2,%err_km,slope,std_err,%slope_err,ki,err6,%err_ki,eff,%err_eff
wt,0,1.21876923,799.13584694,,0.02292281,0.00574493,,0.08522028,NaN,NaN,NaN,0.22764960,,0.35671917,139102.67886169,0.00000000
s14a,14,0.60100000,320.47483454,11.35092348,0.03541908,0.00825477,0.00101598,0.12307829,NaN,NaN,NaN,NaN,NaN,NaN,38822.96689150,0.12807332
s16a,16,0.82800000,154.04441793,1.44236333,0.00936330,0.01400843,0.00040124,0.02864268,NaN,NaN,NaN,NaN,NaN,NaN,10996.54968512,0.03013428
s17a,17,0.65400000,848.44696425,75.62225056,0.08913020,0.01845351,0.00372056,0.20161778,NaN,NaN,NaN,NaN,NaN,NaN,45977.53474254,0.22044029
e17s,17,1.00600000,641.18828683,9.32605281,0.01454495,0.00731981,0.00037968,0.05186980,NaN,NaN,NaN,0.37749564,0.08215042,0.21761951,87596.26153875,0.05387051
y18a,18,0.17200000,196.54178158,9.33137974,0.04747784,0.03154695,0.00361412,0.11456312,NaN,NaN,NaN,NaN,NaN,NaN,6230.13522456,0.12401151
q19c,19,0.40400000,NaN,NaN,NaN,NaN,NaN,NaN,8.17092489,0.71031539,0.08693207,NaN,NaN,NaN,8.17092489,0.71031539
q19a,19,0.25700000,0.36071585,0.03351633,0.09291615,0.03219019,0.00754941,0.23452527,NaN,NaN,NaN,NaN,NaN,NaN,11.20577073,0.25226080
q19s,19,0.43100000,0.72076728,0.08452559,0.11727168,0.05723496,0.01322540,0.23107209,NaN,NaN,NaN,NaN,NaN,NaN,12.59313045,0.25912730
w34a,34,0.10000000,NaN,NaN,NaN,NaN,NaN,NaN,3.54774328,0.69462941,0.19579472,NaN,NaN,NaN,3.54774328,0.69462941
v52g,52,0.96700000,687.49451012,13.01197546,0.01892666,0.00824624,0.00054247,0.06578391,NaN,NaN,NaN,NaN,NaN,NaN,83370.70448611,0.06845247
f75a,75,0.43700000,613.34573698,8.38126790,0.01366483,0.00546539,0.00028252,0.05169181,NaN,NaN,NaN,NaN,NaN,NaN,112223.61734498,0.05346748
r76a,76,0.10300000,2.60453334,0.15947574,0.06123006,0.01353357,0.00255772,0.18899060,NaN,NaN,NaN,NaN,NaN,NaN,192.44989977,0.19866194
i91e,91,0.48700000,846.13877538,34.98685619,0.04134884,0.00671160,0.00078916,0.11758159,NaN,NaN,NaN,NaN,NaN,NaN,126071.15683489,0.12464011
h101r,101,1.02700000,1059.11489008,16.18974356,0.01528611,0.01062216,0.00053246,0.05012708,NaN,NaN,NaN,NaN,NaN,NaN,99708.09940678,0.05240600
h119e,119,0.24900000,0.68182210,0.15169002,0.22247742,0.17679796,0.05347930,0.30248819,NaN,NaN,NaN,NaN,NaN,NaN,3.85650425,0.37549342
h119n,119,1.02300000,1.89696276,0.06760565,0.03563889,0.02321577,0.00219608,0.09459429,NaN,NaN,NaN,NaN,NaN,NaN,81.71008818,0.10108517
h119a,119,1.21300000,143.23515372,10.61862693,0.07413422,0.01510437,0.00335754,0.22228939,NaN,NaN,NaN,NaN,NaN,NaN,9483.02645719,0.23432553
w120h,120,1.00000000,84.07526172,2.40423618,0.02859624,0.08917659,0.00430886,0.04831823,NaN,NaN,NaN,NaN,NaN,NaN,942.79521997,0.05614621
w120a,120,0.16000000,66.00719910,1.88009511,0.02848318,0.06668234,0.00354692,0.05319130,NaN,NaN,NaN,NaN,NaN,NaN,989.87520596,0.06033744
w120f,120,0.77700000,471.77285428,20.56404981,0.04358888,0.01608289,0.00206668,0.12850205,NaN,NaN,NaN,NaN,NaN,NaN,29333.83243848,0.13569365
v147s,147,0.23200000,4.55825806,0.12005491,0.02633789,0.00645275,0.00061722,0.09565275,NaN,NaN,NaN,NaN,NaN,NaN,706.40565749,0.09921256
e154d,154,1.42000000,878.07756102,46.70017927,0.05318457,0.00345694,0.00075610,0.21871973,NaN,NaN,NaN,NaN,NaN,NaN,254004.22420604,0.22509313
n163a,163,0.73700000,6.66235155,0.15892490,0.02385417,0.01194537,0.00090796,0.07600896,NaN,NaN,NaN,0.13173968,0.03907085,0.29657614,557.73485827,0.07966419
n163d,163,0.90000000,11.98310093,0.37267079,0.03109970,0.01519287,0.00141456,0.09310711,NaN,NaN,NaN,NaN,NaN,NaN,788.73196953,0.09816377
n163c,163,1.10000000,25.84053583,0.40267068,0.01558291,0.00542224,0.00032012,0.05903787,NaN,NaN,NaN,NaN,NaN,NaN,4765.65367783,0.06105979
e164a,164,0.42000000,0.19130499,0.00691112,0.03612618,0.00100516,0.00016968,0.16881266,NaN,NaN,NaN,NaN,NaN,NaN,190.32296776,0.17263492
y166p,166,0.17600000,26.51567469,1.19398557,0.04502942,0.00250253,0.00045420,0.18149496,NaN,NaN,NaN,0.09495144,0.01017570,0.10716736,10595.56761340,0.18699751
c167a,167,0.37600000,478.94331936,14.37735274,0.03001890,0.01456475,0.00126701,0.08699174,NaN,NaN,NaN,NaN,NaN,NaN,32883.72465672,0.09202552
c167q,167,0.93800000,503.67218657,5.54003369,0.01099928,0.00491797,0.00019176,0.03899192,NaN,NaN,NaN,0.59070830,0.08656408,0.14654285,102414.61775539,0.04051363
l171a,171,0.37600000,806.78706193,9.31431022,0.01154494,0.01109455,0.00041563,0.03746262,NaN,NaN,NaN,NaN,NaN,NaN,72719.21643587,0.03920119
l171r,171,1.06500000,403.47216920,6.71699818,0.01664798,0.00335817,0.00023108,0.06881105,NaN,NaN,NaN,0.58753378,0.21195998,0.36076220,120146.28421800,0.07079630
t175r,175,0.86000000,801.26382269,8.25332600,0.01030039,0.00359258,0.00015118,0.04208205,NaN,NaN,NaN,NaN,NaN,NaN,223032.88277940,0.04332432
e177l,177,0.76500000,669.54589357,10.05508007,0.01501776,0.00748278,0.00036401,0.04864606,NaN,NaN,NaN,NaN,NaN,NaN,89478.26547594,0.05091141
e177k,177,0.95300000,554.93872990,7.27703673,0.01311323,0.00619288,0.00029973,0.04839990,NaN,NaN,NaN,0.36293869,0.03696693,0.10185446,89609.21396210,0.05014486
e177a,177,0.96000000,986.18400195,9.96438142,0.01010398,0.00598398,0.00022469,0.03754866,NaN,NaN,NaN,NaN,NaN,NaN,164804.04443518,0.03888434
h178a,178,0.25100000,112.76162661,3.32899078,0.02952237,0.00767244,0.00072957,0.09508951,NaN,NaN,NaN,0.17334354,0.04279146,0.24685925,14696.96335776,0.09956699
a192s,192,1.16800000,945.84472599,9.72761902,0.01028458,0.00508936,0.00018424,0.03620202,NaN,NaN,NaN,NaN,NaN,NaN,185847.65479811,0.03763455
t218a,218,0.97700000,464.35988353,18.47375834,0.03978328,0.00651462,0.00093998,0.14428707,NaN,NaN,NaN,NaN,NaN,NaN,71279.61039704,0.14967120
l219a,219,0.47300000,198.72313402,4.71233133,0.02371305,0.00786662,0.00059744,0.07594657,NaN,NaN,NaN,0.40992219,0.18937109,0.46196838,25261.55798978,0.07956249
n220h,220,1.11800000,122.61189623,1.33814749,0.01091368,0.00513571,0.00021458,0.04178098,NaN,NaN,NaN,NaN,NaN,NaN,23874.37040542,0.04318285
n220a,220,0.61500000,404.92499042,8.16449378,0.02016298,0.01027069,0.00068457,0.06665301,NaN,NaN,NaN,0.14986304,0.01756213,0.11718786,39425.29793632,0.06963598
m221a,221,0.73000000,547.09001101,15.46373274,0.02826543,0.00624859,0.00059533,0.09527432,NaN,NaN,NaN,NaN,NaN,NaN,87554.15569954,0.09937872
e222y,222,0.70000000,11.72696793,0.77203058,0.06583378,0.01843205,0.00314132,0.17042697,NaN,NaN,NaN,NaN,NaN,NaN,636.22707368,0.18270040
e222k,222,0.50000000,107.99841961,3.14645820,0.02913430,0.00722178,0.00075245,0.10419234,NaN,NaN,NaN,0.14072516,0.03486506,0.24775284,14954.53281049,0.10818896
e222r,222,0.15100000,42.31851612,1.87308474,0.04426159,0.00247510,0.00044241,0.17874324,NaN,NaN,NaN,0.11298375,0.02141061,0.18950170,17097.68988206,0.18414188
e222h,222,0.70000000,159.71318149,3.14032776,0.01966230,0.00854292,0.00052783,0.06178621,NaN,NaN,NaN,NaN,NaN,NaN,18695.38389073,0.06483935
e222q,222,1.30000000,667.63451421,11.27012607,0.01688068,0.01215574,0.00065098,0.05355302,NaN,NaN,NaN,0.43116672,0.21400755,0.49634525,54923.37869387,0.05615054
e222a,222,0.29000000,89.87901193,4.26483781,0.04745088,0.00062588,0.00015464,0.24708131,NaN,NaN,NaN,0.09524070,0.01369502,0.14379380,143604.36499707,0.25159642
m223g,223,0.88100000,153.67314451,9.09914628,0.05921104,0.01921411,0.00291276,0.15159486,NaN,NaN,NaN,NaN,NaN,NaN,7997.93074579,0.16274811
r240d,240,0.80000000,282.27017175,3.78948573,0.01342503,0.01081800,0.00047417,0.04383147,NaN,NaN,NaN,0.31549336,0.06457502,0.20467949,26092.63134973,0.04584135
r240k,240,1.40000000,898.31282748,58.70074807,0.06534555,0.01767310,0.00331700,0.18768635,NaN,NaN,NaN,NaN,NaN,NaN,50829.37742121,0.19873653
r240a,240,1.10800000,11010.58429441,258.38648141,0.02346710,0.01946146,0.00116525,0.05987492,NaN,NaN,NaN,NaN,NaN,NaN,565763.42497746,0.06430949
i244e,244,0.60000000,496.63717502,23.21944126,0.04675333,0.00597375,0.00103825,0.17380183,NaN,NaN,NaN,NaN,NaN,NaN,83136.54378386,0.17998041
i244n,244,0.20700000,271.43881142,3.68627851,0.01358051,0.00215127,0.00012966,0.06027042,NaN,NaN,NaN,NaN,NaN,NaN,126176.10885432,0.06178150
m261e,261,0.10700000,61.63383385,4.96331639,0.08052909,0.01012054,0.00270374,0.26715384,NaN,NaN,NaN,NaN,NaN,NaN,6089.97485446,0.27902707
q284r,284,0.51600000,369.77511794,15.36823299,0.04156103,0.00968448,0.00134903,0.13929855,NaN,NaN,NaN,NaN,NaN,NaN,38182.22465901,0.14536645
n293a,293,0.68200000,12.70379451,0.18942243,0.01491070,0.00967386,0.00044015,0.04549865,NaN,NaN,NaN,NaN,NaN,NaN,1313.20884738,0.04787960
y294a,294,0.59100000,165.55051245,1.59826054,0.00965422,0.00497745,0.00016993,0.03413949,NaN,NaN,NaN,NaN,NaN,NaN,33260.08053776,0.03547829
y294f,294,0.73300000,734.89055554,10.70883962,0.01457202,0.00598685,0.00032417,0.05414768,NaN,NaN,NaN,NaN,NaN,NaN,122750.82611618,0.05607419
y295g,295,0.77000000,0.09373341,0.02574322,0.27464295,NaN,NaN,NaN,1.00000000,0.50000000,0.50000000,NaN,NaN,NaN,1.00000000,0.50000000
y295a,295,0.69000000,0.24787989,0.03037044,0.12252080,0.01295044,0.00495335,0.38248533,NaN,NaN,NaN,NaN,NaN,NaN,19.14065420,0.40162964
t296a,296,0.39000000,109.41504125,2.34663662,0.02144711,0.01104778,0.00076966,0.06966646,NaN,NaN,NaN,0.14274673,0.02866835,0.20083365,9903.79987547,0.07289303
s298e,298,1.10000000,809.16746629,1.86482100,0.00230462,0.00527957,0.00004634,0.00877630,NaN,NaN,NaN,NaN,NaN,NaN,153263.95156223,0.00907384
i300n,300,1.51300000,693.37588733,12.73800472,0.01837099,0.00448114,0.00032330,0.07214650,NaN,NaN,NaN,NaN,NaN,NaN,154732.08428155,0.07444871
q313r,313,0.69000000,689.25301688,23.93279900,0.03472281,0.00358291,0.00050853,0.14193319,NaN,NaN,NaN,NaN,NaN,NaN,192372.60290926,0.14611880
h315n,315,0.08300000,47.69790420,0.43263504,0.00907032,0.00497097,0.00017368,0.03493901,NaN,NaN,NaN,NaN,NaN,NaN,9595.29470201,0.03609716
m323k,323,0.05100000,1.19936067,0.16297536,0.13588520,0.01705901,0.00833335,0.48850170,NaN,NaN,NaN,NaN,NaN,NaN,70.30659694,0.50704901
m323a,323,0.34800000,415.57244041,10.58107411,0.02546144,0.00934359,0.00080401,0.08604887,NaN,NaN,NaN,0.12629213,0.02547389,0.20170606,44476.76209286,0.08973680
w325c,325,0.22000000,10.45983464,0.33372940,0.03190580,0.00417962,0.00053039,0.12689909,NaN,NaN,NaN,0.15919499,0.03437766,0.21594686,2502.57763751,0.13084862
w325h,325,1.12000000,34.93621767,1.17338523,0.03358650,0.00307593,0.00043338,0.14089521,NaN,NaN,NaN,0.14344769,0.02504186,0.17457137,11357.93061061,0.14484307
w325a,325,0.25500000,29.40627190,0.88798880,0.03019726,0.00161196,0.00022512,0.13965660,NaN,NaN,NaN,0.17102024,0.01985455,0.11609474,18242.54997830,0.14288401
w325l,325,0.84000000,108.50530087,1.84295368,0.01698492,0.00573838,0.00035032,0.06104828,NaN,NaN,NaN,NaN,NaN,NaN,18908.70973466,0.06336703
p329w,329,0.46500000,0.36730227,0.05739843,0.15627028,0.02138419,0.00959151,0.44853302,NaN,NaN,NaN,NaN,NaN,NaN,17.17635029,0.47497607
s331a,331,0.89300000,816.80239967,5.38076490,0.00658760,0.00433764,0.00011289,0.02602527,NaN,NaN,NaN,1.52801021,0.53614108,0.35087532,188305.75099142,0.02684606
k341a,341,0.91600000,1045.89406176,16.78583123,0.01604927,0.00545622,0.00033136,0.06073131,NaN,NaN,NaN,NaN,NaN,NaN,191688.50751642,0.06281616
t352a,352,0.70000000,59.51449464,2.40592919,0.04042594,0.01425793,0.00175504,0.12309201,NaN,NaN,NaN,NaN,NaN,NaN,4174.13294224,0.12956041
e353a,353,0.56000000,NaN,NaN,NaN,NaN,NaN,NaN,1.96356477,0.11981357,0.06101839,NaN,NaN,NaN,1.96356477,0.11981357
n354a,354,0.34200000,2.94676289,0.10487317,0.03558928,0.00538493,0.00066672,0.12381270,NaN,NaN,NaN,NaN,NaN,NaN,547.22368111,0.12882616
g355a,355,0.16500000,1.01770711,0.08320360,0.08175594,0.00591480,0.00164939,0.27885842,NaN,NaN,NaN,NaN,NaN,NaN,172.06100029,0.29059603
m358t,358,0.62100000,436.14967372,11.14733053,0.02555850,0.00483319,0.00047837,0.09897587,NaN,NaN,NaN,NaN,NaN,NaN,90240.50946452,0.10222259
h373r,373,1.19300000,707.35548632,9.12157003,0.01289531,0.00630615,0.00029905,0.04742243,NaN,NaN,NaN,NaN,NaN,NaN,112169.14363830,0.04914444
h379r,379,0.13800000,2.37383350,0.08664264,0.03649904,0.00624003,0.00083972,0.13456980,NaN,NaN,NaN,NaN,NaN,NaN,380.41994586,0.13943174
w399g,399,1.26700000,0.09744138,0.00964694,0.09900247,NaN,NaN,NaN,1.24368906,0.17328165,0.13932875,NaN,NaN,NaN,1.24368906,0.17328165
w399s,399,1.50000000,0.19827679,0.05907455,0.29793983,NaN,NaN,NaN,1.70620550,0.25693506,0.15058858,NaN,NaN,NaN,1.70620550,0.25693506
w399a,399,0.95700000,0.23516964,0.01221270,0.05193146,0.01664961,0.00252492,0.15165048,NaN,NaN,NaN,NaN,NaN,NaN,14.12463197,0.16029580
w399c,399,0.84700000,2.71462738,0.12609712,0.04645099,0.07033181,0.00588629,0.08369312,NaN,NaN,NaN,NaN,NaN,NaN,38.59743247,0.09571955
s400a,400,0.41000000,530.68186189,8.90023875,0.01677133,0.00322025,0.00022483,0.06981618,NaN,NaN,NaN,NaN,NaN,NaN,164795.11517353,0.07180234
d403a,403,0.12000000,1.19029712,0.27050644,0.22725959,0.04401681,0.02159904,0.49069984,NaN,NaN,NaN,NaN,NaN,NaN,27.04187829,0.54077098
n404a,404,1.41300000,3.70489627,0.04893189,0.01320736,0.00941533,0.00041951,0.04455644,NaN,NaN,NaN,NaN,NaN,NaN,393.49636870,0.04647269
f405a,405,0.11300000,0.56542516,0.07901837,0.13975035,0.00353049,0.00154881,0.43869377,NaN,NaN,NaN,NaN,NaN,NaN,160.15467010,0.46041545
e406a,406,0.56700000,0.96406465,0.43712299,0.45341668,NaN,NaN,NaN,4.63823065,0.29806297,0.06426221,NaN,NaN,NaN,4.63823065,0.29806297
e406d,406,0.27100000,39.10268545,1.25406114,0.03207097,0.03412863,0.00257443,0.07543330,NaN,NaN,NaN,NaN,NaN,NaN,1145.74447534,0.08196786
w407g,407,0.52900000,NaN,NaN,NaN,NaN,NaN,NaN,0.90400689,0.08615817,0.09530698,NaN,NaN,NaN,0.90400689,0.08615817
w407r,407,0.15400000,NaN,NaN,NaN,NaN,NaN,NaN,3.99190695,0.41429099,0.10378273,NaN,NaN,NaN,3.99190695,0.41429099
w407q,407,0.10000000,0.45306104,0.07970560,0.17592684,NaN,NaN,NaN,5.05334615,0.89676342,0.17745933,NaN,NaN,NaN,5.05334615,0.89676342
w407a,407,0.12500000,11.41310697,0.48900399,0.04284583,0.00760768,0.00115292,0.15154627,NaN,NaN,NaN,NaN,NaN,NaN,1500.20875983,0.15748662
n407a,407,1.12500000,49.51855155,0.97112134,0.01961126,0.01109166,0.00064199,0.05787997,NaN,NaN,NaN,NaN,NaN,NaN,4464.48422527,0.06111213
w409a,409,0.10300000,0.40236693,0.12757980,0.31707327,NaN,NaN,NaN,3.20239450,0.47694639,0.14893430,NaN,NaN,NaN,3.20239450,0.47694639
k413a,413,1.10800000,834.75119389,32.63669733,0.03909752,0.00292016,0.00048305,0.16542011,NaN,NaN,NaN,NaN,NaN,NaN,285858.02801320,0.16997773
f415a,415,0.52500000,1.32251198,0.10877283,0.08224714,0.01663043,0.00399554,0.24025454,NaN,NaN,NaN,NaN,NaN,NaN,79.52361457,0.25394259
e423s,423,1.07900000,645.63737745,12.21120866,0.01891342,0.00660315,0.00041594,0.06299066,NaN,NaN,NaN,0.31734908,0.06521621,0.20550305,97777.23323817,0.06576884