,sample,R,eff,err1,err2,err3,kcat,km,sample.1,slope,std_err,x,y,yield,seq,newaa,oldaa,%err1,%err2,%err3,log kcat,log km,log eff,normalized kcat,normalized km,normalized eff
7,d403a,0.9330519546728528,27.02642435097391,0.21157733709354049,0.016899087280764183,11.426361836920496,1.1905551832640404,0.044051524086320286,d403a,10.0884868371781,0.8487919878717595,"[0.074999999999999997, 0.018749999999999999, 0.0046899999999999997, 0.00117, 0.00029, 6.9999999999999994e-05, 0.0, 0.074999999999999997, 0.018749999999999999, 0.0046899999999999997, 0.00117, 0.00029, 6.9999999999999994e-05, 2.0000000000000002e-05, 0.0, 0.074999999999999997, 0.018749999999999999, 0.0046899999999999997, 0.00117, 0.00029, 6.9999999999999994e-05, 2.0000000000000002e-05, 0.0]","[0.51700000000000002, 0.39200000000000002, -3.09e-13, 0.048899999999999999, -0.0969, 2.3400000000000001e-13, 1.1e-13, 0.78299999999999992, 0.32500000000000001, 0.127, 0.11900000000000001, -1.3200000000000002e-13, -2.3500000000000001e-14, 1.3900000000000001e-13, 6.1899999999999994e-14, 0.94799999999999995, 0.36200000000000004, 0.17899999999999999, 1.77e-13, 0.0, -3.17e-14, 8.5799999999999998e-14, -4.9300000000000002e-13]",0.12,403,a,d,0.17771317118915692,0.38362094459319757,0.4227848156505668,0.7841550200403443,0.043108840815752426,3.3331477919655144,0.047943634320464244,0.0029986830227433114,0.24667216862075012
18,e222r,0.6155485141502087,17097.689882063365,1.8730847443156973,0.00044240763577322304,3148.400806622531,42.31851611568529,0.0024751013971823343,e222r,473.71839288472086,132.35156667943895,"[0.018749999999999999, 0.0046899999999999997, 0.00117, 0.00029, 6.9999999999999994e-05, 2.0000000000000002e-05, 0.0, 0.074999999999999997, 0.018749999999999999, 0.0046899999999999997, 0.00117, 0.00029, 6.9999999999999994e-05, 2.0000000000000002e-05, 0.0, 0.074999999999999997, 0.018749999999999999, 0.0046899999999999997, 0.00117, 0.00029, 6.9999999999999994e-05, 2.0000000000000002e-05, 0.0]","[43.700000000000003, 33.600000000000001, 13.800000000000001, 3.6699999999999999, 0.95499999999999996, 0.26700000000000002, -0.10199999999999999, 34.600000000000001, 41.5, 26.800000000000001, 8.7799999999999994, 2.3199999999999998, 0.51400000000000001, 0.13, -0.11900000000000001, 35.0, 39.899999999999999, 28.100000000000001, 10.300000000000001, 2.8599999999999999, 0.70900000000000007, 0.14300000000000002, -0.066000000000000003]",0.151,222,r,e,0.04426158845445532,0.17874323705560577,0.18414188281221644,3.7685801675222224,0.0024720433786172193,9.746757124471651,0.23041289648281976,0.00017195717562035973,0.7213162652758974
24,f405a,0.6698034989069225,132.8501805876808,0.05013260483280134,0.001424917226117558,72.09525689882588,0.3608499060133481,0.0027162169025068657,f405a,5.5359696516222945,1.4079538028061933,"[0.018749999999999999, 0.00117, 0.00029, 6.9999999999999994e-05, 2.0000000000000002e-05, 0.0, 0.018749999999999999, 0.0046899999999999997, 0.00117, 0.00029, 6.9999999999999994e-05, 2.0000000000000002e-05, 0.0, 0.074999999999999997, 0.018749999999999999, 0.0046899999999999997, 0.00117, 0.00029, 6.9999999999999994e-05, 2.0000000000000002e-05, 0.0]","[0.27200000000000002, 0.13100000000000001, 2.37e-13, 0.073300000000000004, -4.4000000000000002e-14, 0.11199999999999999, 0.371, 0.38900000000000001, 0.187, 1.2099999999999999e-13, -1.4300000000000002e-13, -2.9600000000000005e-13, -2.8000000000000002e-13, 0.38900000000000001, 0.214, 0.14599999999999999, -1.5599999999999999e-13, -1.4300000000000002e-13, -1.1200000000000001e-14, -1.4599999999999998e-13, 0.093200000000000005]",0.113,405,a,f,0.13892924453455974,0.5245962591582674,0.5426809100288967,0.3081094354521335,0.002712534651730155,4.896721119144987,0.018837966634762813,0.00018868592740665612,0.362385616534047
33,h315n,0.8155488282397432,9595.294702008407,0.43263503690819854,0.0001736806900266682,346.3628704007292,47.69790419614727,0.0049709681335960995,h315n,565.7208222668169,85.58261088933344,"[0.074999999999999997, 0.018749999999999999, 0.0046899999999999997, 0.00117, 0.00029, 6.9999999999999994e-05, 2.0000000000000002e-05, 0.0, 0.074999999999999997, 0.018749999999999999, 0.0046899999999999997, 0.00117, 0.00029, 6.9999999999999994e-05, 2.0000000000000002e-05, 0.0, 0.074999999999999997, 0.018749999999999999, 0.0046899999999999997, 0.00117, 0.00029, 6.9999999999999994e-05, 2.0000000000000002e-05, 0.0]","[42.700000000000003, 38.299999999999997, 22.899999999999999, 9.1600000000000001, 2.8500000000000001, 0.90000000000000002, 0.38400000000000001, 2.1100000000000001e-13, 44.399999999999999, 38.600000000000001, 23.300000000000001, 9.1999999999999993, 2.79, 1.0700000000000001, 0.39700000000000002, 5.2900000000000007e-13, 46.5, 37.399999999999999, 22.300000000000001, 9.0999999999999996, 2.8399999999999999, 1.1000000000000001, 0.42399999999999999, -9.4000000000000003e-14]",0.083,315,n,h,0.009070315440466334,0.03493900692158009,0.03609715815484348,3.8856359941758036,0.00495865366453164,9.169132334410108,0.23756974889686183,0.00034492763614421963,0.6785686979591882
35,h379r,0.8686772340775905,380.50731071926316,0.08666960822875577,0.0008394034191009169,53.03526928118968,2.3744316681721327,0.00624017358216799,h379r,28.43316647402463,3.456946078831503,"[0.074999999999999997, 0.018749999999999999, 0.0046899999999999997, 0.00117, 0.00029, 6.9999999999999994e-05, 2.0000000000000002e-05, 0.0, 0.074999999999999997, 0.018749999999999999, 0.0046899999999999997, 0.00117, 0.00029, 6.9999999999999994e-05, 2.0000000000000002e-05, 0.0, 0.074999999999999997, 0.018749999999999999, 0.0046899999999999997, 0.00117, 0.00029, 6.9999999999999994e-05, 2.0000000000000002e-05, 0.0]","[2.3300000000000001, 1.77, 0.91200000000000003, 0.52600000000000002, 0.215, 1.24e-14, 0.055300000000000002, 0.083400000000000002, 2.2599999999999998, 1.5, 1.02, 0.6409999999999999, 0.27899999999999997, -1.1e-13, 0.039399999999999998, 8.2900000000000002e-15, 2.2599999999999998, 1.6799999999999999, 0.99099999999999999, 0.45000000000000001, 0.34999999999999998, -1.0499999999999999e-13, -3.7200000000000002e-14, 0.016799999999999999]",0.138,379,r,h,0.03650120127292403,0.13451603678134985,0.13938042131421463,1.2162269155288636,0.006220784318773526,5.944130013632025,0.07436072842563957,0.00043272238296970306,0.4398999181976479
47,m261e,0.8987966148551375,6089.974854463166,4.963316390031051,0.0027037410838734897,1699.2678491954803,61.6338338505221,0.010120539956803344,m261e,701.5614095500275,72.95073428288353,"[0.074999999999999997, 0.018749999999999999, 0.0046899999999999997, 0.00117, 0.00029, 6.9999999999999994e-05, 2.0000000000000002e-05, 0.0, 0.074999999999999997, 0.018749999999999999, 0.0046899999999999997, 0.00117, 0.00029, 6.9999999999999994e-05, 2.0000000000000002e-05, 0.0, 0.074999999999999997, 0.018749999999999999, 0.0046899999999999997, 0.00117, 0.00029, 6.9999999999999994e-05, 2.0000000000000002e-05, 0.0]","[61.700000000000003, 34.399999999999999, 21.5, 11.300000000000001, 6.6200000000000001, 3.5800000000000001, -4.1599999999999999e-13, 3.0299999999999997e-13, 51.899999999999999, 40.0, 18.800000000000001, 12.6, 21.199999999999999, 1.1100000000000001e-12, -2.1699999999999998e-13, 0.0, 57.399999999999999, 29.800000000000001, 20.600000000000001, 10.699999999999999, 7.3399999999999999, 2.4600000000000001e-13, 1.1100000000000001e-12, 6.6000000000000001e-13]",0.107,261,e,m,0.08052908735270906,0.26715383718790126,0.27902707150755085,4.137305608946449,0.010069670223826663,8.71456342251786,0.2529569563644811,0.0007004537485447535,0.6449279756502881
49,m323k,0.8167084490855222,42.46047693825535,0.41621550872743096,0.023391755102870983,32.98859664716864,1.3861165094693657,0.03264486434019598,m323k,12.475470797076323,1.8792839124234888,"[0.074999999999999997, 0.018749999999999999, 0.0046899999999999997, 0.00117, 0.00029, 6.9999999999999994e-05, 2.0000000000000002e-05, 0.0, 0.074999999999999997, 0.018749999999999999, 0.0046899999999999997, 0.00117, 0.00029, 6.9999999999999994e-05, 2.0000000000000002e-05, 0.0, 0.074999999999999997, 0.018749999999999999, 0.0046899999999999997, 0.00117, 0.00029, 6.9999999999999994e-05, 2.0000000000000002e-05, 0.0]","[0.89400000000000002, 0.26500000000000001, 0.17600000000000002, 1.66e-13, 3.3299999999999994e-13, 2.84e-13, 7.2800000000000003e-14, 2.6300000000000004e-13, 1.1599999999999999, 1.0900000000000001, 0.53600000000000003, 0.35200000000000004, 0.20399999999999999, 0.16800000000000001, 5.0700000000000001e-14, 8.0900000000000001e-14, 0.88099999999999989, 2.3999999999999999e-14, 5.44e-13, 3.3399999999999999e-13, 8.3699999999999999e-15, 1.66e-13, 0.0, 0.0]",0.051,323,k,m,0.3002745482677837,0.7165523758684597,0.7769247786627455,0.8696671529401221,0.03212334045701297,3.7718519489571,0.05317188935286709,0.0022345234490055922,0.27913880752854325
72,r76a,0.917164440089878,192.44989976844371,0.15947574214193894,0.0025577166201313554,38.2324702776859,2.604533335017817,0.013533565557329982,r76a,28.724479220115768,2.660919300761813,"[0.074999999999999997, 0.018749999999999999, 0.0046899999999999997, 0.00117, 0.00029, 6.9999999999999994e-05, 2.0000000000000002e-05, 0.0, 0.074999999999999997, 0.018749999999999999, 0.0046899999999999997, 0.00117, 0.00029, 6.9999999999999994e-05, 2.0000000000000002e-05, 0.0, 0.074999999999999997, 0.018749999999999999, 0.0046899999999999997, 0.00117, 0.00029, 6.9999999999999994e-05, 2.0000000000000002e-05, 0.0]","[2.2599999999999998, 1.4099999999999999, 0.72599999999999998, 0.26100000000000001, 0.127, 0.0511, 6.2600000000000006e-14, 2.8000000000000002e-13, 2.2400000000000002, 1.27, 0.624, 0.214, 0.159, 0.041399999999999999, 6.1300000000000001e-14, 1.4499999999999999e-13, 2.29, 1.46, 0.77400000000000002, 0.79400000000000004, 0.113, 0.048000000000000001, 0.30399999999999999, -0.036499999999999998]",0.103,76,a,r,0.0612300637499224,0.18899059595910095,0.19866193915240962,1.282192312986695,0.013442804819658566,5.265018563019966,0.07839388617212652,0.0009350914992831852,0.3896417524297037
85,w120a,0.9873222858262556,989.8752059571306,1.88009511084901,0.003546920861829522,59.72653496207544,66.00719909971707,0.06668234410002558,w120a,465.2879831743982,15.947998469901671,"[0.074999999999999997, 0.018749999999999999, 0.0046899999999999997, 0.00117, 0.00029, 6.9999999999999994e-05, 2.0000000000000002e-05, 0.0, 0.074999999999999997, 0.018749999999999999, 0.0046899999999999997, 0.00117, 0.00029, 6.9999999999999994e-05, 2.0000000000000002e-05, 0.0, 0.074999999999999997, 0.018749999999999999, 0.0046899999999999997, 0.00117, 0.00029, 6.9999999999999994e-05, 2.0000000000000002e-05, 0.0]","[34.700000000000003, 14.0, 5.0700000000000003, 1.24, 0.40899999999999997, 0.14800000000000002, 0.082400000000000001, 8.4399999999999999e-14, 35.700000000000003, 14.0, 5.2699999999999996, 1.53, 0.45299999999999996, 0.18899999999999997, 0.089300000000000004, -2.3900000000000001e-14, 34.600000000000001, 14.199999999999999, 5.21, 1.4399999999999999, 0.498, 0.223, 0.070599999999999996, -3.7300000000000003e-14]",0.16,120,a,w,0.028483182690553957,0.05319130438049735,0.060337439106098865,4.204800062868218,0.0645532186233365,6.898588599011095,0.2570836013961207,0.004490369889011312,0.5105353606708763
92,w34a,0.7443132281828896,11.17462606989838,0.2717838544787738,0.04862117457949704,13.116328564452061,0.5175749147291396,0.046316978437726496,w34a,3.5477432804924187,0.6946294123245889,"[0.018749999999999999, 0.0046899999999999997, 0.00117, 0.00029, 6.9999999999999994e-05, 2.0000000000000002e-05, 0.0, 0.074999999999999997, 0.018749999999999999, 0.0046899999999999997, 0.00117, 0.00029, 6.9999999999999994e-05, 2.0000000000000002e-05, 0.0, 0.074999999999999997, 0.018749999999999999, 0.0046899999999999997, 0.00117, 0.00029, 6.9999999999999994e-05, 2.0000000000000002e-05, 0.0]","[0.068699999999999997, 0.040500000000000001, 0.0402, 0.0166, 0.22500000000000001, 0.030300000000000001, 0.0, 0.379, 0.19800000000000001, 0.082699999999999996, 0.0521, 0.024500000000000001, 0.23600000000000002, 0.022200000000000001, 1.4099999999999998e-13, 0.28000000000000003, 0.076899999999999996, 0.16899999999999998, 0.0659, 0.062399999999999997, 0.091999999999999998, 0.025499999999999998, -6.7000000000000005e-14]",0.1,34,a,w,0.5251101758303053,1.049748412342324,1.1737599524501439,0.4171136099350651,0.04527635839518505,2.49935395555231,0.02550253696493155,0.0031494571573279563,0.1849666137976389
97,w407a,0.8530765414468401,1501.5313928745604,0.4858766597848073,0.0011450445766723115,235.3405447169184,11.399309317413664,0.00759178887068795,w407a,131.65176528901566,17.167995765439176,"[0.074999999999999997, 0.018749999999999999, 0.0046899999999999997, 0.00117, 0.00029, 6.9999999999999994e-05, 2.0000000000000002e-05, 0.0, 0.074999999999999997, 0.018749999999999999, 0.0046899999999999997, 0.00117, 0.00029, 6.9999999999999994e-05, 2.0000000000000002e-05, 0.0, 0.074999999999999997, 0.018749999999999999, 0.0046899999999999997, 0.00117, 0.00029, 6.9999999999999994e-05, 2.0000000000000002e-05, 0.0]","[10.5, 8.1699999999999999, 2.9700000000000002, 2.75, 0.77400000000000002, 0.29899999999999999, 0.071900000000000006, 3.5999999999999998e-14, 8.9399999999999995, 8.4800000000000004, 3.6499999999999999, 1.8300000000000001, 0.79599999999999993, 0.17600000000000002, 0.056599999999999998, 0.091999999999999998, 11.5, 8.3499999999999996, 4.4900000000000002, 2.4199999999999999, 0.99299999999999999, 0.55799999999999994, 0.079100000000000004, 7.5499999999999994e-14]",0.125,407,a,w,0.04262334201622012,0.15082671504384845,0.15673368258147302,2.5176407708511013,0.007563116267686455,7.314906559951198,0.15392982941276934,0.0005260959914899369,0.5413452919041706
99,w407q,0.6432056498562938,56.10858998409179,0.07970559694836397,0.004749747017083295,34.44895277458644,0.4530610410162955,0.008074717991394005,w407q,5.0533461450935455,0.8967634193966204,"[0.018749999999999999, 0.0046899999999999997, 0.00117, 0.00029, 6.9999999999999994e-05, 2.0000000000000002e-05, 0.0, 0.074999999999999997, 0.018749999999999999, 0.0046899999999999997, 0.00117, 0.00029, 6.9999999999999994e-05, 2.0000000000000002e-05, 0.0, 0.074999999999999997, 0.018749999999999999, 0.0046899999999999997, 0.00117, 0.00029, 6.9999999999999994e-05, 2.0000000000000002e-05, 0.0, 0.074999999999999997, 0.018749999999999999, 0.0046899999999999997, 0.00117, 0.00029, 6.9999999999999994e-05, 2.0000000000000002e-05, 0.0, 0.074999999999999997, 0.018749999999999999, 0.0046899999999999997, 0.00117, 0.00029, 6.9999999999999994e-05, 2.0000000000000002e-05, 0.0, 0.074999999999999997, 0.018749999999999999, 0.0046899999999999997, 0.00117, 0.00029, 6.9999999999999994e-05, 2.0000000000000002e-05, 0.0]","[0.50700000000000001, 0.111, 0.16, 0.083900000000000002, 9.2400000000000003e-14, -9.6800000000000002e-14, 9.2600000000000004e-14, 0.33399999999999996, 0.41700000000000004, 0.19600000000000001, 1.1e-13, 0.14699999999999999, 0.13600000000000001, -1.4000000000000001e-13, 3.2e-13, 0.23000000000000001, 0.35399999999999998, 0.121, 0.317, -2.8199999999999996e-13, 1.3200000000000002e-13, 6.7900000000000006e-14, 7.77e-14, 1.02, 0.14400000000000002, 0.053900000000000003, 0.053800000000000001, 0.17699999999999999, 0.080199999999999994, 0.057700000000000001, -5.3399999999999998e-14, 0.30199999999999999, 0.0848, 0.22500000000000001, 0.094799999999999995, 0.214, 0.064799999999999996, 0.10199999999999999, -9.3800000000000002e-14, 0.247, 0.28699999999999998, 0.10400000000000001, 0.021600000000000001, 0.115, 0.076899999999999996, 0.034799999999999998, -6.7500000000000003e-14]",0.104,407,q,w,0.175926839283224,0.588224507920345,0.6139693188574795,0.3736723940404203,0.008042291893517779,4.044954542897139,0.022846519065330483,0.0005594278043362645,0.2993499752617977
100,w407r,0.903070133291236,5.740249988853762,0.8279595229932487,0.1987422363411624,8.428943209774113,0.9599701777832956,0.16723490782585004,w407r,3.991906948230798,0.4142909887800095,"[0.018749999999999999, 0.0046899999999999997, 0.00117, 0.00029, 6.9999999999999994e-05, 2.0000000000000002e-05, 0.0, 0.074999999999999997, 0.018749999999999999, 0.0046899999999999997, 0.00117, 0.00029, 6.9999999999999994e-05, 2.0000000000000002e-05, 0.0, 0.074999999999999997, 0.018749999999999999, 0.0046899999999999997, 0.00117, 0.00029, 6.9999999999999994e-05, 2.0000000000000002e-05, 0.0]","[0.050099999999999999, -9.4099999999999998e-14, 2.1500000000000002e-13, 9.59e-14, 6.8600000000000006e-14, -3.9099999999999999e-14, -4.7299999999999998e-14, 0.182, 0.086499999999999994, 0.085599999999999996, 2.2099999999999999e-14, 8.9900000000000001e-14, 0.0, 1.1100000000000001e-13, 2.5400000000000001e-14, 0.41399999999999998, 0.13500000000000001, 0.050000000000000003, 6.8000000000000001e-14, 1.0499999999999999e-13, 2.6199999999999999e-13, 6.4000000000000005e-14, 1.47e-14]",0.154,407,r,w,0.8624846293716354,1.18840162574265,1.468393053637241,0.6729292577099844,0.15463762510089119,1.9080970145707723,0.04114323498627738,0.010756708190073697,0.1412101886563514
101,w409a,0.8197846698124684,12.923706150690982,0.12757979670311034,0.023919580487949645,10.741352685839521,0.4023669254240913,0.031134019973254982,w409a,3.20239449739076,0.4769463887419073,"[0.074999999999999997, 0.018749999999999999, 0.0046899999999999997, 0.00117, 0.00029, 6.9999999999999994e-05, 2.0000000000000002e-05, 0.0, 0.074999999999999997, 0.018749999999999999, 0.0046899999999999997, 0.00117, 0.00029, 6.9999999999999994e-05, 2.0000000000000002e-05, 0.0, 0.074999999999999997, 0.018749999999999999, 0.0046899999999999997, 0.00117, 0.00029, 6.9999999999999994e-05, 2.0000000000000002e-05, 0.0]","[0.22399999999999998, 0.13300000000000001, 0.053999999999999999, 0.010500000000000001, 0.047300000000000002, 0.060900000000000003, 0.0304, -7.0900000000000006e-14, 0.33100000000000002, 0.16, 0.048099999999999997, 0.055399999999999998, 0.080000000000000002, 0.192, 0.0252, -1.0499999999999999e-13, 0.309, 0.124, 0.0189, 0.21899999999999997, 0.037699999999999997, 0.047600000000000003, 0.028500000000000001, -2.9899999999999998e-14]",0.103,409,a,w,0.31707326979880945,0.7682779322585793,0.8311356325031594,0.33816147007986874,0.03065918686155737,2.6335928659266608,0.020675363223391346,0.0021326758361656538,0.19490106771388763
