sample,err1,err2,err4,err5,err6,kcat,ki,km,si kcat,si_km,slope,std_err,x,y,yield
a192s,9.727619016509278,0.00018424495364024852,inf,inf,inf,945.84472598644,7972132.21626,0.005089355187257657,945.844887077,0.00508935906617,12051.934790025287,1959.9406971351552,"Series([], name: s, dtype: float64)","Series([], name: kobs, dtype: float64)",1.168
a356a,11.747051069641197,0.00036832767538560183,37.1345312858,0.000507471924062,1.94496109487e+13,799.7768362773701,5857440.40724,0.006957587634645419,799.776990522,0.00695759372107,9561.502219384514,1196.4113338600403,"Series([], name: s, dtype: float64)","Series([], name: kobs, dtype: float64)",0.7440000000000001
a357a,18.59475534351391,0.00040575317033563954,80.2995437743,0.000994356047218,1.29999616679e+12,695.1724614443137,903035.465234,0.004131396639469407,695.17246412,0.00413139610202,8975.606433127165,1615.7383742727852,"Series([], name: s, dtype: float64)","Series([], name: kobs, dtype: float64)",1.9240000000000002
a408a,27.38703564831157,0.00032061806852027875,49.6318140397,0.000355505838373,5.26417365166e+12,1467.9416296062946,3391527.95779,0.004352673259853548,1467.94157307,0.00435267210249,17949.898921161763,2642.102324939257,"Series([], name: s, dtype: float64)","Series([], name: kobs, dtype: float64)",0.804
c167a,14.37735273746236,0.001267013144349204,96.1732946171,0.00519026841245,0.447211001941,478.94331936098246,0.433692182563,0.014564752757202426,569.210425362,0.0191843753172,5409.873281236753,404.98705034314725,"Series([], name: s, dtype: float64)","Series([], name: kobs, dtype: float64)",0.376
c167n+w120r,0.0786322238378169,0.014672742405209199,NaN,NaN,NaN,0.3592647112560843,NaN,0.026201747913494916,NaN,NaN,3.617808726752544,0.5153974533412218,"Series([], name: s, dtype: float64)","Series([], name: kobs, dtype: float64)",0.244
c167q,5.540033686618621,0.00019176115495979923,8.33283697294,0.000198996766945,0.086564076963,503.6721865732356,0.590708296103,0.004917971649088523,555.90644307,0.00598108605051,6291.5197645485,1123.0153951693555,"Series([], name: s, dtype: float64)","Series([], name: kobs, dtype: float64)",0.938
d403a,0.27050643908726923,0.021599039795491996,7.07976209771,0.341294388261,2.38777313939,1.1902971215054006,0.190676517422,0.04401680640948469,1.753313999,0.0709593950628,9.843562493939984,0.9582721043488107,"Series([], name: s, dtype: float64)","Series([], name: kobs, dtype: float64)",0.12
e154d,46.70017926875788,0.0007561011517268448,121.455985253,0.00126704140679,8.22232549431,878.0775610163225,1.99281696337,0.0034569407802605705,904.485342094,0.00367902206934,10398.217522118146,1934.3440306348514,"Series([], name: s, dtype: float64)","Series([], name: kobs, dtype: float64)",1.42
e164a,0.006911118868489908,0.00016968369814277036,0.0106271796161,0.000206431956354,7.96344182859e+12,0.19130499243853502,3803697.02318,0.001005159780209018,0.191305177336,0.0010051671398,2.1766895424296564,0.4655678494728876,"Series([], name: s, dtype: float64)","Series([], name: kobs, dtype: float64)",0.42
e177a,9.96438141766442,0.00022469038662673444,21.9353837804,0.00035017062051,1.21350510626e+13,986.1840019537663,5625252.96728,0.005983979369763841,986.18404038,0.00598398028876,11808.553973879223,1634.3386133319714,"Series([], name: s, dtype: float64)","Series([], name: kobs, dtype: float64)",0.96
e177k,7.277036731816095,0.0002997345785649664,11.5396237843,0.000300823269717,0.036966925626,554.9387299001191,0.362938692414,0.006192875769837768,661.846838126,0.00862290009396,6507.2070142711555,959.0542144366834,"Series([], name: s, dtype: float64)","Series([], name: kobs, dtype: float64)",0.953
e177l,10.055080070722704,0.00036400759680900864,29.924952193,0.000714327977011,6.80021200271,669.5458935719012,3.34888413387,0.007482776851009747,683.40278687,0.00778135364474,8313.927125196253,1217.8185642508201,"Series([], name: s, dtype: float64)","Series([], name: kobs, dtype: float64)",0.765
e17s,9.326052809674186,0.0003796772775381998,28.3134888076,0.000717262085032,0.0821504158235,641.1882868336187,0.377495642666,0.007319813375254649,764.594350502,0.0100973747933,7504.467866069979,1027.5289827331906,"Series([], name: s, dtype: float64)","Series([], name: kobs, dtype: float64)",1.006
e222a,4.26483780959126,0.00015464309991852326,4.92999302966,0.000146798893841,0.0136950221055,89.87901193211843,0.0952407004552,0.000625879386980687,123.470395367,0.00129021759901,668.4426852988408,301.04049272476914,"Series([], name: s, dtype: float64)","Series([], name: kobs, dtype: float64)",0.29
e222h,3.1403277629168946,0.0005278347055413601,8.35387233377,0.000670041697561,8.44032847444e+12,159.71318148850935,3103114.14611,0.00854292067079285,159.713214628,0.00854292727775,2000.3172140939819,258.87845290427657,"Series([], name: s, dtype: float64)","Series([], name: kobs, dtype: float64)",0.7
e222k,3.1464582038699955,0.0007524546843723026,14.5960028217,0.00222780215418,0.0348650567792,107.99841961109921,0.140725157186,0.007221784924991683,163.868322713,0.0147934877834,1250.0486113476297,183.86079779257412,"Series([], name: s, dtype: float64)","Series([], name: kobs, dtype: float64)",0.5
e222q,11.27012606543548,0.0006509768142396598,63.8594569267,0.00218841875303,0.214007554227,667.6345142073174,0.431166718239,0.012155743693930068,791.531048376,0.0161144116824,7595.980370648525,821.1224463896467,"Series([], name: s, dtype: float64)","Series([], name: kobs, dtype: float64)",1.3
e222r,1.8730847443156973,0.00044240763577322304,3.51396689682,0.000612356661518,0.0214106135455,42.31851611568529,0.112983753779,0.0024751013971823343,59.9143967948,0.0048652077232,473.71839288472074,132.35156667943895,"Series([], name: s, dtype: float64)","Series([], name: kobs, dtype: float64)",0.151
e222y,0.7720305812268021,0.003141318071659253,5.52982922381,0.0131222834062,1.15433995202e+13,11.726967931591574,1460364.64577,0.018432047953897534,11.7270077289,0.0184322309405,130.75111611851239,11.756099447932455,"Series([], name: s, dtype: float64)","Series([], name: kobs, dtype: float64)",0.7
e353a,7757143508.729979,3736599086.095037,inf,inf,inf,83380.42642228017,4283.6810445,40164.09743459539,135190.671898,65120.9794788,1.9635647717418114,0.11981356882522265,"Series([], name: s, dtype: float64)","Series([], name: kobs, dtype: float64)",0.56
e406a,0.43712298805529953,0.08237302044632132,7.76730179622,1.05776328701,360682347898.0,0.9640646454305573,79954.2784419,0.11750567185483193,0.964067906309,0.117506235948,4.638230651284194,0.2980629683343831,"Series([], name: s, dtype: float64)","Series([], name: kobs, dtype: float64)",0.5670000000000001
e406d,1.254061136414878,0.002574434911249094,8.70987930615,0.011237165046,5.67078316026e+12,39.102685446046095,2168684.70901,0.034128626659604644,39.1026888342,0.0341286327345,358.14340099187405,20.63962705371294,"Series([], name: s, dtype: float64)","Series([], name: kobs, dtype: float64)",0.271
e423s,12.211208656053394,0.00041593656005056186,29.936766112,0.000700846656683,0.065216206317,645.6373774516308,0.317349084328,0.006603146316065095,782.419539577,0.00942936303828,7939.5062216432325,1295.5864748137374,"Series([], name: s, dtype: float64)","Series([], name: kobs, dtype: float64)",1.079
f405a,0.07901836513570729,0.0015488058876278025,52.0644307141,0.642880557379,0.110828274328,0.5654251601717613,0.00955208581717,0.003530494364025821,5.02871132818,0.057965920476,6.146140033542298,1.4843005334444712,"Series([], name: s, dtype: float64)","Series([], name: kobs, dtype: float64)",0.113
f415a,0.10877282662618115,0.003995536604087999,0.73336531962,0.0147745376577,1.28401334507e+12,1.322511976978206,519278.357441,0.016630430898790936,1.32251534951,0.0166305703565,14.563231223898633,1.4812667642914736,"Series([], name: s, dtype: float64)","Series([], name: kobs, dtype: float64)",0.525
f75a,8.381267900374432,0.0002825158761288322,9.24946778442,0.000291292418376,3.35755733022e+12,613.3457369797669,2731102.59558,0.005465389117642823,613.345831502,0.00546539297973,7376.682751175211,1008.1780122624724,"Series([], name: s, dtype: float64)","Series([], name: kobs, dtype: float64)",0.43700000000000006
g355a,0.0832035987885369,0.0016493929241930888,0.273173864732,0.00336474120011,3.75565594063e+12,1.017707112628555,1101970.86996,0.005914804115392859,1.01769431116,0.00591447791205,13.18810617002312,1.9661602489956822,"Series([], name: s, dtype: float64)","Series([], name: kobs, dtype: float64)",0.165
h101r,16.189743555634998,0.0005324576106154662,248.965933373,0.00328725140484,2.49755585971e+13,1059.1148900810126,2116164.82949,0.010622155034368372,1059.1153773,0.0106221738529,12259.698982018515,1289.8765966338324,"Series([], name: s, dtype: float64)","Series([], name: kobs, dtype: float64)",1.0270000000000001
h119a,10.61862693405294,0.0033575414751827503,220.851862727,0.0411413216672,0.158924788872,143.235153715366,0.0940690437466,0.015104371411597638,270.04552442,0.0376829471748,1556.2607619317953,172.1674220742993,"Series([], name: s, dtype: float64)","Series([], name: kobs, dtype: float64)",1.213
h119e,0.15169002079353605,0.053479296367996136,NaN,NaN,NaN,0.6818220974637612,NaN,0.17679796337182385,NaN,NaN,2.6994586457218674,0.0770957905337673,"Series([], name: s, dtype: float64)","Series([], name: kobs, dtype: float64)",0.249
h119n,0.06760565032919034,0.0021960795552317994,18.9912173845,0.356081054626,0.0343345804085,1.8969627629050818,0.0174167148768,0.02321577182300566,11.470331815,0.201348713878,19.24964230470308,1.522200017904621,"Series([], name: s, dtype: float64)","Series([], name: kobs, dtype: float64)",1.023
h178a,3.3289907819144395,0.0007295689485146646,11.8817288866,0.00178329960794,0.0427914556448,112.76162661212308,0.173343537205,0.007672443882945278,157.782871691,0.0136630429965,1373.7338176445191,220.89742560955116,"Series([], name: s, dtype: float64)","Series([], name: kobs, dtype: float64)",0.251
h315n,0.43263503690819854,0.0001736806900266682,1.23742237295,0.000309889091466,3.04648175668,47.69790419614727,2.89464287754,0.004970968133596099,48.797199064,0.00521004256753,565.7208222668169,85.58261088933344,"Series([], name: s, dtype: float64)","Series([], name: kobs, dtype: float64)",0.083
h373r,9.121570034695049,0.0002990529676438827,20.5326669399,0.000473968242504,1.28717833184e+13,707.3554863197714,6373897.26248,0.0063061503669916506,707.35549526,0.00630615055529,8477.603181271083,1147.6948322746234,"Series([], name: s, dtype: float64)","Series([], name: kobs, dtype: float64)",1.193
h379r,0.08664264428904671,0.0008397201705297885,0.193743740069,0.00132391478246,2.33768946657e+13,2.373833497246337,5139166.2183,0.006240034264933678,2.37383579968,0.00624006348794,28.439297766653162,3.4538858623954862,"Series([], name: s, dtype: float64)","Series([], name: kobs, dtype: float64)",0.138
i244e,23.219441258209162,0.0010382491937396111,51.079756048,0.00161728977178,5.91657939062e+13,496.6371750212741,6804036.11538,0.005973752966113969,496.6391817,0.00597387197403,6188.0394078963245,704.8477513622314,"Series([], name: s, dtype: float64)","Series([], name: kobs, dtype: float64)",0.6
i244n,3.686278509837232,0.00012965791550564773,8.12152896957,0.000191589294841,5.39119287293,271.4388114225307,3.33544032424,0.0021512694747618417,275.977220801,0.00223934525624,3100.793189380561,616.8997807950719,"Series([], name: s, dtype: float64)","Series([], name: kobs, dtype: float64)",0.207
i300n,12.738004720356843,0.0003232984327090834,inf,inf,inf,693.3758873313928,8762813.68894,0.004481138417742183,693.375741337,0.00448113320557,8409.214468934755,1210.1061773254428,"Series([], name: s, dtype: float64)","Series([], name: kobs, dtype: float64)",1.5130000000000001
i91e,34.986856192937715,0.0007891602046050951,110.403702827,0.00184203204621,0.166275914944,846.1387753835595,0.28999894837,0.00671159682060895,1026.57716219,0.00939837981496,11235.68903122113,2129.096525366038,"Series([], name: s, dtype: float64)","Series([], name: kobs, dtype: float64)",0.48700000000000004
k341a,16.785831231250878,0.0003313631692626026,51.8270071483,0.000637650501194,1.77196836426,1045.8940617631986,1.61068828053,0.005456216834875332,1090.78604833,0.00594874516425,12311.935807522565,1806.408463990173,"Series([], name: s, dtype: float64)","Series([], name: kobs, dtype: float64)",0.9159999999999999
k413a,32.6366973254204,0.00048305320691087244,86.8805587624,0.000849364136993,0.457889388155,834.7511938939131,0.526065754901,0.002920160051812056,921.796691255,0.00354431044108,9708.633227989612,1966.9432123479273,"Series([], name: s, dtype: float64)","Series([], name: kobs, dtype: float64)",1.1079999999999999
l171a,9.314310222041296,0.00041563092973337655,62.9109454744,0.00144920926872,6.51208134951e+12,806.7870619309393,2600277.67232,0.011094551089428417,806.787138796,0.0110945545402,9242.799078939126,992.0382141248937,"Series([], name: s, dtype: float64)","Series([], name: kobs, dtype: float64)",0.376
l171r,6.716998182244109,0.00023107949846795019,16.2420138384,0.000369092837719,0.211959979411,403.4721692046942,0.587533784682,0.00335817434414045,444.635952069,0.00411644574903,4693.326355585042,861.0762977944269,"Series([], name: s, dtype: float64)","Series([], name: kobs, dtype: float64)",1.065
l219a,4.712331329012343,0.0005974429517625478,16.7009496388,0.00142509629384,0.189371089648,198.72313402171517,0.409922192069,0.007866622244841012,232.647652708,0.010454291892,2439.199823378834,367.7893683384086,"Series([], name: s, dtype: float64)","Series([], name: kobs, dtype: float64)",0.473
m221a,15.463732739248623,0.000595330142167287,44.3941807921,0.00114576835754,2.53385926972,547.0900110061348,1.48810178633,0.006248589877145307,571.315450141,0.00680028509316,6845.165398337947,1099.0016029974515,"Series([], name: s, dtype: float64)","Series([], name: kobs, dtype: float64)",0.73
m223g,9.099146282261723,0.002912760728644829,NaN,NaN,NaN,153.6731445057464,NaN,0.019214112923734032,NaN,NaN,1691.6041707637385,192.54081191662704,"Series([], name: s, dtype: float64)","Series([], name: kobs, dtype: float64)",0.8809999999999999
m261e,4.963316390031051,0.00270374108387349,20.2051779575,0.0064531714382,4.48098192178e+12,61.6338338505221,1228530.57841,0.010120539956803343,61.6329339809,0.0101199320496,701.5614095500275,72.95073428288353,"Series([], name: s, dtype: float64)","Series([], name: kobs, dtype: float64)",0.107
m323a,10.581074110176015,0.0008040050099367566,53.4801256732,0.00251278250027,0.0254738878577,415.5724404080256,0.126292131708,0.009343585747999471,668.214107135,0.0201748578259,4778.044476944841,619.6418930550475,"Series([], name: s, dtype: float64)","Series([], name: kobs, dtype: float64)",0.348
m323k,0.16297536297259704,0.008333353490431262,7.03974878832,0.123903872055,85939706613.5,1.199360666671849,45318.1845908,0.017059006107424887,1.19936288014,0.0170590605564,12.270361249018572,1.2177816013239167,"Series([], name: s, dtype: float64)","Series([], name: kobs, dtype: float64)",0.051
m358t,11.147330533152788,0.0004783693247000288,inf,inf,inf,436.1496737211113,8586404.93754,0.0048331916154861505,436.149120257,0.00483315904288,5242.165443199008,726.1759643350712,"Series([], name: s, dtype: float64)","Series([], name: kobs, dtype: float64)",0.621
n163a,0.1589248967505526,0.0009079554860166203,1.25507265879,0.00431846428016,0.0390708476715,6.662351546375389,0.131739684606,0.011945374128194764,10.7337256389,0.0250584801448,75.17986605301734,8.481690649013798,"Series([], name: s, dtype: float64)","Series([], name: kobs, dtype: float64)",0.737
n163c,0.402670680195916,0.0003201177330901159,0.851995119826,0.00048439391986,4.62857272993e+12,25.840535834749687,3626760.40997,0.0054222437427533295,25.8405380481,0.00542224579389,309.07028956205505,44.21441094001521,"Series([], name: s, dtype: float64)","Series([], name: kobs, dtype: float64)",1.1
n163d,0.37267079050573926,0.0014145640812783873,3.17820964642,0.00444945427051,2.36180832692e+13,11.983100928542452,2667083.58332,0.01519286828918448,11.9831144996,0.0151929281017,132.28722928166908,8.178825280405341,"Series([], name: s, dtype: float64)","Series([], name: kobs, dtype: float64)",0.9
n220a,8.164493782002957,0.0006845723738498732,25.8838449679,0.00132500927935,0.0175621288673,404.9249904151638,0.149863039527,0.010270689420512579,615.881691153,0.0201979237769,4639.79565667439,565.6101861718062,"Series([], name: s, dtype: float64)","Series([], name: kobs, dtype: float64)",0.615
n220d+n293d,0.04818516345163415,0.004485483123213268,0.519234518453,0.0283526292312,12.3235086203,0.8610879117941231,1.35403093041,0.03405535805890148,0.917711075157,0.0371093537281,7.9465280816111745,0.5047731306717914,"Series([], name: s, dtype: float64)","Series([], name: kobs, dtype: float64)",0.20600000000000002
n220h,1.338147486394716,0.00021457507957766824,7.30848656593,0.000602819342071,2.17576425252e+12,122.61189623087391,1947786.7848,0.005135712236542158,122.611895461,0.00513571155638,1462.4267755945116,215.49636852321925,"Series([], name: s, dtype: float64)","Series([], name: kobs, dtype: float64)",1.1179999999999999
n293a,0.18942242591798428,0.00044014742889970823,0.664155483318,0.00100621687585,1.96783786085,12.7037945105497,1.70908238107,0.00967385693137959,13.2511799604,0.0104357426119,154.58889426046102,20.50568538592422,"Series([], name: s, dtype: float64)","Series([], name: kobs, dtype: float64)",0.682
n354a,0.10487317186496076,0.0006667230813914185,0.191962848714,0.000952402813916,2.96213555299e+13,2.9467628923309923,5179483.97927,0.0053849330612630395,2.94676462055,0.00538494714555,38.30879561431861,5.808746468430396,"Series([], name: s, dtype: float64)","Series([], name: kobs, dtype: float64)",0.342
n404a,0.04893189120903343,0.00041951341130463005,inf,inf,inf,3.7048962691121603,12762681.8915,0.009415325181596454,3.70489648419,0.00941532735589,43.39014499565141,4.845515437264226,"Series([], name: s, dtype: float64)","Series([], name: kobs, dtype: float64)",1.413
n407a,0.9711213412763207,0.0006419850962073457,2.52144578482,0.00121631664416,3.02957619573e+13,49.518551549785876,9456871.12098,0.011091662340194028,49.5185684061,0.0110916755311,595.7611974653287,69.16417442824282,"Series([], name: s, dtype: float64)","Series([], name: kobs, dtype: float64)",1.125
p329w,0.05739842962998161,0.00959151354214679,NaN,NaN,NaN,0.36730227212973654,NaN,0.021384186160199756,NaN,NaN,3.7547483115318774,0.48446549785301446,"Series([], name: s, dtype: float64)","Series([], name: kobs, dtype: float64)",0.465
q19a,0.033516328816317845,0.007549412188217024,NaN,NaN,NaN,0.3607158502887165,NaN,0.03219018656304075,NaN,NaN,3.294157518269691,0.2233469331004164,"Series([], name: s, dtype: float64)","Series([], name: kobs, dtype: float64)",0.257
q19c,7901260275394.353,1107566841886.4548,inf,inf,inf,3834402.5674371975,247.634509983,537491.020267002,3130750.8938,438855.96394,8.170924891322237,0.7103153858387448,"Series([], name: s, dtype: float64)","Series([], name: kobs, dtype: float64)",0.40399999999999997
q19s,0.08452559293907906,0.013225401329867008,1.00293690584,0.0996885587033,1.85839853208e+12,0.7207672824068808,473088.215521,0.05723495720619103,0.72077016879,0.0572354163781,5.4440551595919695,0.2772660213355856,"Series([], name: s, dtype: float64)","Series([], name: kobs, dtype: float64)",0.431
q284r,15.36823298982142,0.0013490345001285367,105.517249848,0.00567340162125,0.17185811787,369.77511794223244,0.220723112352,0.009684483322922897,499.493672322,0.0160729509732,4250.234050615752,538.8434506809284,"Series([], name: s, dtype: float64)","Series([], name: kobs, dtype: float64)",0.516
q313r,23.93279900238969,0.0005085333197784966,49.3798941902,0.000723986091265,396902408283.0,689.2530168809449,751695.069175,0.0035829063310332952,689.252665734,0.00358289471288,8266.846174299997,990.0751287900334,"Series([], name: s, dtype: float64)","Series([], name: kobs, dtype: float64)",0.69
r240a,258.3864814077056,0.0011652535786515377,1437.64768734,0.00252554646215,7.39228707511e+12,11010.584294410402,2036647.50442,0.01946146358762765,11010.5870423,0.0194614765882,120801.8247567503,10712.294934233096,"Series([], name: s, dtype: float64)","Series([], name: kobs, dtype: float64)",1.1079999999999999
r240d,3.789485730423307,0.0004741689926396822,15.0175904529,0.00113105680846,0.06457502031,282.2701717498434,0.315493358939,0.010818003288610477,352.681790834,0.0157176947865,3232.197009460486,370.2981518021953,"Series([], name: s, dtype: float64)","Series([], name: kobs, dtype: float64)",0.8
r240k,58.70074807457515,0.003317000278196826,414.879051054,0.00837142209055,1.67431297935e+14,898.3128274835354,4801629.60277,0.017673103096254097,898.320128433,0.0176735789206,9639.175677754662,800.9174864440522,"Series([], name: s, dtype: float64)","Series([], name: kobs, dtype: float64)",1.4
r76a,0.15947574214193894,0.0025577166201313554,0.554864422753,0.00579370715147,3.57948600496e+13,2.6045333350178175,3924647.27107,0.013533565557329982,2.60454869982,0.0135338587158,28.724479220115764,2.660919300761813,"Series([], name: s, dtype: float64)","Series([], name: kobs, dtype: float64)",0.10300000000000001
s14a,11.35092347893953,0.0010159835140910952,29.0766991377,0.00178109186259,4.57367486216e+13,320.47483454465544,9558226.4448,0.008254774433913805,320.475528738,0.00825485331795,3802.4313396279863,407.4569483200137,"Series([], name: s, dtype: float64)","Series([], name: kobs, dtype: float64)",0.601
s16a,1.442363333723405,0.00040123906499902196,inf,inf,inf,154.04441792658193,4449526.53364,0.014008431947981539,154.044420569,0.014008432321,1693.1499327307542,171.25419410700022,"Series([], name: s, dtype: float64)","Series([], name: kobs, dtype: float64)",0.828
s17a,75.62225056105146,0.0037205560220361757,333.659037253,0.0114817225715,7.76667081644e+12,848.4469642480423,1500016.89753,0.018453511459433844,848.451265331,0.0184537452772,10304.364523702896,1166.6240586377855,"Series([], name: s, dtype: float64)","Series([], name: kobs, dtype: float64)",0.654
s298e,1.8648209963569755,4.633505297817225e-05,inf,inf,inf,809.1674662864452,11488270.7422,0.0052795680787199005,809.167471335,0.00527956815153,9651.422855896326,1412.1632511944927,"Series([], name: s, dtype: float64)","Series([], name: kobs, dtype: float64)",1.1
s331a,5.380764902466079,0.00011288823630155277,13.0472594769,0.000173922591882,0.536141078332,816.802399673974,1.52801021091,0.004337639160639375,851.453121222,0.00473374225619,9670.956030923995,1553.6504215358607,"Series([], name: s, dtype: float64)","Series([], name: kobs, dtype: float64)",0.893
s400a,8.900238747063446,0.00022482570853927074,inf,inf,inf,530.6818618922205,6085053.02361,0.0032202523802565236,530.68159468,0.00322024254745,6434.391292925015,1011.0735980311069,"Series([], name: s, dtype: float64)","Series([], name: kobs, dtype: float64)",0.41
t175r,8.253325995359024,0.00015118320522916395,9.67479803984,0.000154927938123,1.35743087873e+13,801.2638226862579,9812669.70867,0.003592581563315041,801.263846595,0.00359258220002,9586.32956037954,1572.5856798930506,"Series([], name: s, dtype: float64)","Series([], name: kobs, dtype: float64)",0.86
t218a,18.473758340860787,0.0009399760339357407,164.791089482,0.00355974354413,2.1056679811e+13,464.35988352994553,1862830.27824,0.006514624321645527,464.361615348,0.00651474381224,5535.868549115168,582.0684925029709,"Series([], name: s, dtype: float64)","Series([], name: kobs, dtype: float64)",0.977
t296a,2.346636616089497,0.0007696599571044796,12.7380029516,0.00253476404694,0.0286683468546,109.41504124559633,0.142746732866,0.011047783943679602,170.238428321,0.0222818674864,1244.8532424695268,145.95640950459733,"Series([], name: s, dtype: float64)","Series([], name: kobs, dtype: float64)",0.39
t352a,2.4059291934329026,0.0017550372292526146,12.9029975636,0.00546867200165,10.2187377159,59.51449464013412,1.99111025832,0.014257929841629985,61.9720515653,0.0152512738968,659.2870239180327,65.88554736173033,"Series([], name: s, dtype: float64)","Series([], name: kobs, dtype: float64)",0.7
v147s,0.12005491106648933,0.0006172231177985201,0.310805092679,0.00104011182946,1.39715471516e+13,4.558258064453221,4018955.36096,0.006452748525035186,4.55826206633,0.00645277625743,52.86025682382053,6.0609196858798216,"Series([], name: s, dtype: float64)","Series([], name: kobs, dtype: float64)",0.23199999999999998
v52g,13.011975457418176,0.0005424696129711095,37.3944415184,0.000678853784481,1.01324042386e+13,687.4945101245629,3101251.37046,0.00824623606532044,687.494860401,0.00824625430709,8125.378411961914,944.752368520854,"Series([], name: s, dtype: float64)","Series([], name: kobs, dtype: float64)",0.9670000000000001
w120a,1.88009511084901,0.0035469208618295217,16.9537096234,0.0150475516792,9.14467839673e+12,66.00719909971707,1645290.28057,0.06668234410002558,66.0072062052,0.0666823558995,465.2879831743982,15.947998469901673,"Series([], name: s, dtype: float64)","Series([], name: kobs, dtype: float64)",0.16
w120f,20.564049812842097,0.002066684617230506,inf,inf,inf,471.772854279614,6389054.7119,0.016082891837236112,471.774343904,0.0160830662839,5115.110148990902,406.5988215553129,"Series([], name: s, dtype: float64)","Series([], name: kobs, dtype: float64)",0.777
w120h,2.4042361806025427,0.004308855303836936,inf,inf,inf,84.07526172142936,2055090.58247,0.08917658887206087,84.0752679516,0.0891765979733,509.91800101954453,13.413799241735541,"Series([], name: s, dtype: float64)","Series([], name: kobs, dtype: float64)",1.0
w325a,0.8879888007675585,0.0002251209431829866,1.04915920322,0.000200207197602,0.0198545514493,29.406271902904095,0.171020243249,0.0016119606051717367,37.9290210596,0.00284334741253,297.7206370175764,80.46580511344062,"Series([], name: s, dtype: float64)","Series([], name: kobs, dtype: float64)",0.255
w325c,0.3337294004733156,0.0005303905540920465,0.95116195485,0.0010206012572,0.0343776572447,10.459834635183302,0.159194988025,0.004179624431386022,14.615346113,0.00788753570117,118.47485958422723,22.230790709878743,"Series([], name: s, dtype: float64)","Series([], name: kobs, dtype: float64)",0.22
w325h,1.1733852290946438,0.0004333840418514872,2.63488194555,0.000688235298308,0.0250418587744,34.93621766959144,0.143447686285,0.003075931599456259,49.3371028537,0.00614900026465,383.27780334286194,82.32512234851364,"Series([], name: s, dtype: float64)","Series([], name: kobs, dtype: float64)",1.12
w325l,1.8429536785316223,0.0003503180540733731,4.46357287408,0.00057635157384,40997016418.9,108.50530086576761,355999.174286,0.005738376779185914,108.505338313,0.0057383834577,1315.8479951987674,137.15289390902225,"Series([], name: s, dtype: float64)","Series([], name: kobs, dtype: float64)",0.84
w34a,0.2717838544787738,0.04862117457949704,2.96678108854,0.339462446622,231523981274.0,0.5175749147291396,80063.4525152,0.046316978437726496,0.517596595124,0.0463210282059,3.5477432804924187,0.6946294123245889,"Series([], name: s, dtype: float64)","Series([], name: kobs, dtype: float64)",0.1
w399a,0.012212703645781921,0.0025249215474354284,inf,inf,inf,0.2351696389196351,2743538.09373,0.016649611780909235,0.235170415681,0.0166497974944,2.574192430923003,0.2171263440541415,"Series([], name: s, dtype: float64)","Series([], name: kobs, dtype: float64)",0.9570000000000001
w399c,0.12609712057497907,0.005886288522096271,1.26407048336,0.0407480292527,4.28942376027e+12,2.7146273763018463,1195166.36395,0.0703318123218231,2.71462850472,0.0703318630628,18.636612997485027,0.47297608840440697,"Series([], name: s, dtype: float64)","Series([], name: kobs, dtype: float64)",0.847
w399g,0.009646937759711255,3.673706663227515e-05,0.0125120044251,3.99386539507e-05,1.23953837608e+13,0.09744138328630211,2280497.91976,5.762989945443594e-05,0.0974403893608,5.76218030144e-05,1.2436890596356698,0.1732816474221461,"Series([], name: s, dtype: float64)","Series([], name: kobs, dtype: float64)",1.2670000000000001
w399s,0.05907455377127811,0.01819097912080581,0.405514070051,0.0776400641,219178460053.0,0.1982767947871169,125482.10755,0.02584806487387493,0.198280704859,0.0258493768454,1.7062054982955228,0.2569350572901454,"Series([], name: s, dtype: float64)","Series([], name: kobs, dtype: float64)",1.5
w407a,0.48900399122969385,0.0011529153916516118,1.69747040808,0.0024098470825,43.41179087,11.41310697350597,4.73889136789,0.007607679197134976,11.5945243751,0.00784963973257,131.8105260019983,17.173076483882998,"Series([], name: s, dtype: float64)","Series([], name: kobs, dtype: float64)",0.125
w407g,7.241326988066117,8.091550433365327,80231260.625,84195732.9936,10.2685622202,1.0712988785033342,9.82061023659e-05,1.1262779772915423,785.553592693,824.356410978,0.9040068909178895,0.08615817051847514,"Series([], name: s, dtype: float64)","Series([], name: kobs, dtype: float64)",0.529
w407q,0.07970559694836397,0.004749747017083295,0.255505230165,0.00956945404624,107966528653.0,0.4530610410162955,167598.939959,0.008074717991394007,0.453042172788,0.00807329670389,5.053346145093546,0.8967634193966204,"Series([], name: s, dtype: float64)","Series([], name: kobs, dtype: float64)",0.1
w407r,0.8279595229932487,0.19874223634116236,14.684680376,2.77078367232,8728265162.81,0.9599701777832956,9023.40706506,0.16723490782585004,0.959989710846,0.167239139588,3.991906948230798,0.41429098878000953,"Series([], name: s, dtype: float64)","Series([], name: kobs, dtype: float64)",0.154
w409a,0.12757979670311037,0.023919580487949652,1.14805586422,0.125096050823,134137406809.0,0.4023669254240913,84670.9111065,0.031134019973254986,0.402376975289,0.0311360271348,3.2023944973907597,0.47694638874190726,"Series([], name: s, dtype: float64)","Series([], name: kobs, dtype: float64)",0.10300000000000001
wt10,6.406372639126866,0.00023161076119986802,inf,inf,inf,572.0412347852717,9870355.51488,0.0054674766013840664,572.04124358,0.00546747691744,6808.193418935913,966.1494135086979,"Series([], name: s, dtype: float64)","Series([], name: kobs, dtype: float64)",0.271
wt10_1,12.964990991416576,0.00040091325026981987,inf,inf,inf,820.6939356690671,9675177.82655,0.007941159432552898,820.69422864,0.00794117054928,10275.930069360458,1395.738423363955,"Series([], name: s, dtype: float64)","Series([], name: kobs, dtype: float64)",0.271
wt10_2,16.662949341635834,0.001550964649646647,89.8741184986,0.00481987203924,1032.58709301,510.84974776239915,22.3506468211,0.01614584414699912,512.753992556,0.0162438619923,5581.11893858652,516.620865735779,"Series([], name: s, dtype: float64)","Series([], name: kobs, dtype: float64)",0.271
wt11,29.546860752181317,0.0009299547807126173,83.9227809031,0.00125764121215,2.58589949009e+13,782.7498213913701,3717968.35936,0.007641509542390438,782.746789715,0.00764139042129,10050.389190198492,1258.251647054746,"Series([], name: s, dtype: float64)","Series([], name: kobs, dtype: float64)",1.3
wt12,10.377468382122663,0.0006058418557592,22.0131684281,0.000918472205978,2.59052505227e+13,353.73632341505595,6575079.06693,0.005457780383145147,353.736531619,0.00545779655002,4293.593190829254,575.6656255939924,"Series([], name: s, dtype: float64)","Series([], name: kobs, dtype: float64)",0.843
wt2,23.382932805645193,0.0004812270368491449,69.7822172292,0.000974964683157,0.0812069774975,691.0932493810437,0.227649602334,0.0034585293462995243,873.673507499,0.00552687754663,7844.414510764572,1550.0299957431994,"Series([], name: s, dtype: float64)","Series([], name: kobs, dtype: float64)",0.878
wt3,8.631665455535682,0.00040214018239460533,36.0803492825,0.00100410084116,0.639909721162,695.6784901676838,0.992883164346,0.009658423468012718,749.229378806,0.0110206458924,8094.175840876492,956.7618369307686,"Series([], name: s, dtype: float64)","Series([], name: kobs, dtype: float64)",2.1
wt4,13.489224878990052,0.00034041999372396245,inf,inf,inf,916.2348686625596,10204098.3578,0.006282963372947723,916.235082156,0.00628297036224,11045.633110477265,1446.9422912727694,"Series([], name: s, dtype: float64)","Series([], name: kobs, dtype: float64)",1.9769999999999999
wt5,36.574953796441235,0.0011662658345566242,106.215519885,0.0020770482523,3225969243.48,644.5405732412834,46705.9216359,0.005425744911654291,644.541601746,0.00542576637134,7689.236803292468,1206.1879437723073,"Series([], name: s, dtype: float64)","Series([], name: kobs, dtype: float64)",1.262
wt6,12.07831050929399,0.0002395131462618492,99.5100144416,0.000891770206155,7.81783760667e+12,915.6897246376725,2152442.88041,0.0046566560759649135,915.689746397,0.00465665628552,11031.342622290369,1677.7116228568384,"Series([], name: s, dtype: float64)","Series([], name: kobs, dtype: float64)",1.465
wt7,16.122489119520974,0.0005284078579393339,36.9660577759,0.000849327235874,1.48467793391e+13,731.5244682856502,4409940.02033,0.006575065757437161,731.525152216,0.00657509483817,8768.81792149621,1099.96658041064,"Series([], name: s, dtype: float64)","Series([], name: kobs, dtype: float64)",0.912
wt8,6.003327562319796,0.0001411388918928816,inf,inf,inf,810.3599395499936,7956622.85152,0.004940077213392812,810.359933465,0.00494007688723,9725.468997837097,1420.584307686803,"Series([], name: s, dtype: float64)","Series([], name: kobs, dtype: float64)",1.167
wt9,9.258694535688344,0.00020618647755054674,26.8158195403,0.000370451178411,10.6259264267,884.2676241641525,5.01675987721,0.005145747259657271,896.238042577,0.00529216703086,10473.052604878512,1553.345843090444,"Series([], name: s, dtype: float64)","Series([], name: kobs, dtype: float64)",0.46799999999999997
y166p,1.1939855737738483,0.00045419569534391576,1.46055438226,0.000409914078814,0.0101756950826,26.515674685286957,0.0949514420223,0.0025025251739939323,39.6323158568,0.00540453371775,292.8579881155243,83.63801312829379,"Series([], name: s, dtype: float64)","Series([], name: kobs, dtype: float64)",0.17600000000000002
y18a,9.331379738699512,0.0036141173321601657,61.2972579203,0.0148840407973,3.1924942346e+12,196.54178158421507,1405178.03951,0.0315469527546404,196.541798111,0.0315469576598,1846.6036156650935,117.0481571541385,"Series([], name: s, dtype: float64)","Series([], name: kobs, dtype: float64)",0.172
y294a,1.598260541328024,0.00016992774962260455,inf,inf,inf,165.55051245255729,15290720.4954,0.004977453745628125,165.550516604,0.00497745427201,2113.283031545666,345.6230664791388,"Series([], name: s, dtype: float64)","Series([], name: kobs, dtype: float64)",0.591
y294f,10.708839616478173,0.0003241739189240366,inf,inf,inf,734.8905555417878,11243079.6363,0.0059868481442740895,734.890800705,0.00598685789505,8857.72339977463,1167.1226111064138,"Series([], name: s, dtype: float64)","Series([], name: kobs, dtype: float64)",0.733
y295a,0.030370441754001918,0.004953353299315358,0.102481619638,0.0109266849909,1.20525595491e+13,0.24787989446600417,2210713.11978,0.012950440032988128,0.247884123179,0.0129512659765,2.733990204057421,0.3078107619804301,"Series([], name: s, dtype: float64)","Series([], name: kobs, dtype: float64)",0.69
y295g,0.025743219490119783,2.2202767773426967e-05,0.0315297321097,2.38338701066e-05,307633268108.0,0.09373340635600196,216098.447769,6.885312672465189e-06,0.0937359044241,6.88978417549e-06,0.9040685369832964,0.9138925273870985,"Series([], name: s, dtype: float64)","Series([], name: kobs, dtype: float64)",0.77
