late,sample,yield,dilution,well,max v,kobs,s,correction
25,e222a,0.29,0.01,a7,2.24e-03,7.00e+01,0.07500,4.81e-07
25,e222a,0.29,0.01,b7,2.94e-03,9.20e+01,0.01875,3.83e-07
25,e222a,0.29,0.01,c7,3.18e-03,9.93e+01,0.00469,2.90e-07
25,e222a,0.29,0.01,d7,1.66e-03,5.19e+01,0.00117,2.78e-07
25,e222a,0.29,0.01,e7,7.94e-04,2.48e+01,0.00029,1.57e-07
25,e222a,0.29,0.01,f7,2.19e-04,6.84e+00,0.00007,4.12e-07
25,e222a,0.29,0.01,g7,7.82e-05,2.44e+00,0.00002,3.65e-07
25,e222a,0.29,0.01,h7,0.00e+00,0.00e+00,0.00000,4.26e-07
25,e222a,0.29,0.01,a8,2.26e-03,7.08e+01,0.07500,4.81e-07
25,e222a,0.29,0.01,b8,2.87e-03,8.97e+01,0.01875,3.83e-07
25,e222a,0.29,0.01,c8,3.18e-03,9.93e+01,0.00469,2.90e-07
25,e222a,0.29,0.01,d8,1.77e-03,5.53e+01,0.00117,2.78e-07
25,e222a,0.29,0.01,e8,7.70e-04,2.41e+01,0.00029,1.57e-07
25,e222a,0.29,0.01,f8,3.81e-04,1.19e+01,0.00007,4.12e-07
25,e222a,0.29,0.01,g8,7.76e-05,2.43e+00,0.00002,3.65e-07
25,e222a,0.29,0.01,h8,4.37e-18,1.37e-13,0.00000,4.26e-07
25,e222a,0.29,0.01,a9,2.29e-03,7.15e+01,0.07500,4.81e-07
25,e222a,0.29,0.01,b9,2.95e-03,9.24e+01,0.01875,3.83e-07
25,e222a,0.29,0.01,c9,3.29e-03,1.03e+02,0.00469,2.90e-07
25,e222a,0.29,0.01,d9,1.72e-03,5.36e+01,0.00117,2.78e-07
25,e222a,0.29,0.01,e9,7.21e-04,2.25e+01,0.00029,1.57e-07
25,e222a,0.29,0.01,f9,2.16e-04,6.76e+00,0.00007,4.12e-07
25,e222a,0.29,0.01,g9,7.82e-05,2.44e+00,0.00002,3.65e-07
25,e222a,0.29,0.01,h9,4.03e-18,1.26e-13,0.00000,4.26e-07
25,e53a,0.56,0.1,a10,1.05e-04,1.69e-01,0.07500,4.81e-07
25,e53a,0.56,0.1,b10,1.43e-05,2.31e-02,0.01875,3.83e-07
25,e53a,0.56,0.1,c10,1.27e-05,2.06e-02,0.00469,2.90e-07
25,e53a,0.56,0.1,d10,3.23e-06,5.23e-03,0.00117,2.78e-07
25,e53a,0.56,0.1,e10,2.53e-06,4.10e-03,0.00029,1.57e-07
25,e53a,0.56,0.1,f10,3.87e-06,6.26e-03,0.00007,4.12e-07
25,e53a,0.56,0.1,g10,5.14e-06,8.33e-03,0.00002,3.65e-07
25,e53a,0.56,0.1,h10,2.67e-05,4.32e-02,0.00000,4.26e-07
25,e53a,0.56,0.1,a11,1.13e-04,1.83e-01,0.07500,4.81e-07
25,e53a,0.56,0.1,b11,2.55e-05,4.13e-02,0.01875,3.83e-07
25,e53a,0.56,0.1,c11,1.21e-05,1.96e-02,0.00469,2.90e-07
25,e53a,0.56,0.1,d11,3.76e-06,6.09e-03,0.00117,2.78e-07
25,e53a,0.56,0.1,e11,3.65e-06,5.91e-03,0.00029,1.57e-07
25,e53a,0.56,0.1,f11,5.08e-06,8.22e-03,0.00007,4.12e-07
25,e53a,0.56,0.1,g11,2.83e-06,4.58e-03,0.00002,3.65e-07
25,e53a,0.56,0.1,h11,1.21e-17,1.96e-14,0.00000,4.26e-07
25,e53a,0.56,0.1,a12,7.15e-05,1.16e-01,0.07500,4.81e-07
25,e53a,0.56,0.1,b12,2.55e-05,4.12e-02,0.01875,3.83e-07
25,e53a,0.56,0.1,c12,8.92e-06,1.44e-02,0.00469,2.90e-07
25,e53a,0.56,0.1,d12,6.65e-06,1.08e-02,0.00117,2.78e-07
25,e53a,0.56,0.1,e12,2.89e-06,4.67e-03,0.00029,1.57e-07
25,e53a,0.56,0.1,f12,1.75e-06,2.83e-03,0.00007,4.12e-07
25,e53a,0.56,0.1,g12,7.73e-06,1.25e-02,0.00002,3.65e-07
25,e53a,0.56,0.1,h12,-5.52e-18,-8.94e-15,0.00000,4.26e-07
26,n293a,0.682,0.1,b1,6.59e-03,8.76e+00,0.01875,3.83e-07
26,n293a,0.682,0.1,c1,3.29e-03,4.37e+00,0.00469,2.90e-07
26,n293a,0.682,0.1,d1,1.07e-03,1.42e+00,0.00117,2.78e-07
26,n293a,0.682,0.1,e1,2.92e-04,3.88e-01,0.00029,1.57e-07
26,n293a,0.682,0.1,f1,1.41e-04,1.88e-01,0.00007,4.12e-07
26,n293a,0.682,0.1,g1,5.21e-05,6.93e-02,0.00002,3.65e-07
26,n293a,0.682,0.1,h1,-9.54e-18,-1.27e-14,0.00000,4.26e-07
26,n293a,0.682,0.1,a2,8.71e-03,1.16e+01,0.07500,4.81e-07
26,n293a,0.682,0.1,b2,6.19e-03,8.22e+00,0.01875,3.83e-07
26,n293a,0.682,0.1,c2,3.13e-03,4.17e+00,0.00469,2.90e-07
26,n293a,0.682,0.1,d2,1.02e-03,1.36e+00,0.00117,2.78e-07
26,n293a,0.682,0.1,e2,2.87e-04,3.82e-01,0.00029,1.57e-07
26,n293a,0.682,0.1,f2,1.02e-04,1.35e-01,0.00007,4.12e-07
26,n293a,0.682,0.1,g2,3.76e-05,5.00e-02,0.00002,3.65e-07
26,n293a,0.682,0.1,h2,1.10e-17,1.46e-14,0.00000,4.26e-07
26,n293a,0.682,0.1,a3,8.10e-03,1.08e+01,0.07500,4.81e-07
26,n293a,0.682,0.1,b3,6.32e-03,8.40e+00,0.01875,3.83e-07
26,n293a,0.682,0.1,c3,2.78e-03,3.70e+00,0.00469,2.90e-07
26,n293a,0.682,0.1,d3,9.78e-04,1.30e+00,0.00117,2.78e-07
26,n293a,0.682,0.1,e3,3.34e-04,4.44e-01,0.00029,1.57e-07
26,n293a,0.682,0.1,f3,1.25e-04,1.67e-01,0.00007,4.12e-07
26,n293a,0.682,0.1,g3,5.82e-05,7.73e-02,0.00002,3.65e-07
26,n293a,0.682,0.1,h3,1.16e-17,1.55e-14,0.00000,4.26e-07
26,q19a,0.257,0.1,a4,6.36e-05,2.24e-01,0.07500,4.81e-07
26,q19a,0.257,0.1,b4,4.18e-05,1.48e-01,0.01875,3.83e-07
26,q19a,0.257,0.1,c4,2.06e-05,7.27e-02,0.00469,2.90e-07
26,q19a,0.257,0.1,d4,3.97e-06,1.40e-02,0.00117,2.78e-07
26,q19a,0.257,0.1,e4,1.32e-06,4.66e-03,0.00029,1.57e-07
26,q19a,0.257,0.1,f4,4.89e-06,1.73e-02,0.00007,4.12e-07
26,q19a,0.257,0.1,g4,1.89e-06,6.65e-03,0.00002,3.65e-07
26,q19a,0.257,0.1,h4,-3.53e-18,-1.24e-14,0.00000,4.26e-07
26,q19a,0.257,0.1,a5,7.94e-05,2.80e-01,0.07500,4.81e-07
26,q19a,0.257,0.1,b5,4.00e-05,1.41e-01,0.01875,3.83e-07
26,q19a,0.257,0.1,c5,3.95e-06,1.39e-02,0.00469,2.90e-07
26,q19a,0.257,0.1,d5,1.55e-06,5.46e-03,0.00117,2.78e-07
26,q19a,0.257,0.1,e5,2.72e-06,9.59e-03,0.00029,1.57e-07
26,q19a,0.257,0.1,f5,4.89e-06,1.72e-02,0.00007,4.12e-07
26,q19a,0.257,0.1,g5,3.73e-06,1.32e-02,0.00002,3.65e-07
26,q19a,0.257,0.1,h5,1.89e-17,6.67e-14,0.00000,4.26e-07
26,q19a,0.257,0.1,a6,7.03e-05,2.48e-01,0.07500,4.81e-07
26,q19a,0.257,0.1,c6,3.21e-06,1.13e-02,0.00469,2.90e-07
26,q19a,0.257,0.1,d6,3.80e-06,1.34e-02,0.00117,2.78e-07
26,q19a,0.257,0.1,e6,2.02e-06,7.13e-03,0.00029,1.57e-07
26,q19a,0.257,0.1,f6,2.25e-06,7.92e-03,0.00007,4.12e-07
26,q19a,0.257,0.1,g6,3.85e-06,1.36e-02,0.00002,3.65e-07
26,q19a,0.257,0.1,h6,1.04e-17,3.68e-14,0.00000,4.26e-07
26,w120a,0.16,0.1,a7,6.12e-03,3.47e+01,0.07500,4.81e-07
26,w120a,0.16,0.1,b7,2.47e-03,1.40e+01,0.01875,3.83e-07
26,w120a,0.16,0.1,c7,8.95e-04,5.07e+00,0.00469,2.90e-07
26,w120a,0.16,0.1,d7,2.19e-04,1.24e+00,0.00117,2.78e-07
26,w120a,0.16,0.1,e7,7.21e-05,4.09e-01,0.00029,1.57e-07
26,w120a,0.16,0.1,f7,2.61e-05,1.48e-01,0.00007,4.12e-07
26,w120a,0.16,0.1,g7,1.45e-05,8.24e-02,0.00002,3.65e-07
26,w120a,0.16,0.1,h7,1.49e-17,8.44e-14,0.00000,4.26e-07
26,w120a,0.16,0.1,a8,6.31e-03,3.57e+01,0.07500,4.81e-07
26,w120a,0.16,0.1,b8,2.47e-03,1.40e+01,0.01875,3.83e-07
26,w120a,0.16,0.1,c8,9.30e-04,5.27e+00,0.00469,2.90e-07
26,w120a,0.16,0.1,d8,2.70e-04,1.53e+00,0.00117,2.78e-07
26,w120a,0.16,0.1,e8,8.00e-05,4.53e-01,0.00029,1.57e-07
26,w120a,0.16,0.1,f8,3.33e-05,1.89e-01,0.00007,4.12e-07
26,w120a,0.16,0.1,g8,1.58e-05,8.93e-02,0.00002,3.65e-07
26,w120a,0.16,0.1,h8,-4.21e-18,-2.39e-14,0.00000,4.26e-07
26,w120a,0.16,0.1,a9,6.11e-03,3.46e+01,0.07500,4.81e-07
26,w120a,0.16,0.1,b9,2.51e-03,1.42e+01,0.01875,3.83e-07
26,w120a,0.16,0.1,c9,9.19e-04,5.21e+00,0.00469,2.90e-07
26,w120a,0.16,0.1,d9,2.54e-04,1.44e+00,0.00117,2.78e-07
26,w120a,0.16,0.1,e9,8.79e-05,4.98e-01,0.00029,1.57e-07
26,w120a,0.16,0.1,f9,3.94e-05,2.23e-01,0.00007,4.12e-07
26,w120a,0.16,0.1,g9,1.25e-05,7.06e-02,0.00002,3.65e-07
26,w120a,0.16,0.1,h9,-6.57e-18,-3.73e-14,0.00000,4.26e-07
26,w325a,0.255,0.1,a10,7.23e-03,2.57e+01,0.07500,4.81e-07
26,w325a,0.255,0.1,b10,8.57e-03,3.05e+01,0.01875,3.83e-07
26,w325a,0.255,0.1,c10,6.57e-03,2.33e+01,0.00469,2.90e-07
26,w325a,0.255,0.1,d10,3.14e-03,1.12e+01,0.00117,2.78e-07
26,w325a,0.255,0.1,e10,9.44e-04,3.36e+00,0.00029,1.57e-07
26,w325a,0.255,0.1,f10,3.10e-04,1.10e+00,0.00007,4.12e-07
26,w325a,0.255,0.1,g10,1.32e-04,4.70e-01,0.00002,3.65e-07
26,w325a,0.255,0.1,h10,1.04e-17,3.69e-14,0.00000,4.26e-07
26,w325a,0.255,0.1,a11,7.17e-03,2.55e+01,0.07500,4.81e-07
26,w325a,0.255,0.1,b11,8.22e-03,2.92e+01,0.01875,3.83e-07
26,w325a,0.255,0.1,c11,6.47e-03,2.30e+01,0.00469,2.90e-07
26,w325a,0.255,0.1,d11,3.37e-03,1.20e+01,0.00117,2.78e-07
26,w325a,0.255,0.1,e11,1.22e-03,4.32e+00,0.00029,1.57e-07
26,w325a,0.255,0.1,f11,3.87e-04,1.37e+00,0.00007,4.12e-07
26,w325a,0.255,0.1,g11,1.10e-04,3.90e-01,0.00002,3.65e-07
26,w325a,0.255,0.1,h11,0.00e+00,0.00e+00,0.00000,4.26e-07
26,w325a,0.255,0.1,a12,7.18e-03,2.55e+01,0.07500,4.81e-07
26,w325a,0.255,0.1,b12,8.98e-03,3.19e+01,0.01875,3.83e-07
26,w325a,0.255,0.1,c12,5.96e-03,2.12e+01,0.00469,2.90e-07
26,w325a,0.255,0.1,d12,3.10e-03,1.10e+01,0.00117,2.78e-07
26,w325a,0.255,0.1,e12,1.16e-03,4.12e+00,0.00029,1.57e-07
26,w325a,0.255,0.1,f12,4.04e-04,1.44e+00,0.00007,4.12e-07
26,w325a,0.255,0.1,g12,1.30e-04,4.63e-01,0.00002,3.65e-07
26,w325a,0.255,0.1,h12,2.01e-17,7.13e-14,0.00000,4.26e-07
27,w34a,0.1,0.1,b1,7.58e-06,6.87e-02,0.01875,3.83e-07
27,w34a,0.1,0.1,c1,4.47e-06,4.05e-02,0.00469,2.90e-07
27,w34a,0.1,0.1,d1,4.44e-06,4.02e-02,0.00117,2.78e-07
27,w34a,0.1,0.1,e1,1.83e-06,1.66e-02,0.00029,1.57e-07
27,w34a,0.1,0.1,f1,2.48e-05,2.25e-01,0.00007,4.12e-07
27,w34a,0.1,0.1,g1,3.34e-06,3.03e-02,0.00002,3.65e-07
27,w34a,0.1,0.1,h1,0.00e+00,0.00e+00,0.00000,4.26e-07
27,w34a,0.1,0.1,a2,4.18e-05,3.79e-01,0.07500,4.81e-07
27,w34a,0.1,0.1,b2,2.18e-05,1.98e-01,0.01875,3.83e-07
27,w34a,0.1,0.1,c2,9.12e-06,8.27e-02,0.00469,2.90e-07
27,w34a,0.1,0.1,d2,5.74e-06,5.21e-02,0.00117,2.78e-07
27,w34a,0.1,0.1,e2,2.71e-06,2.45e-02,0.00029,1.57e-07
27,w34a,0.1,0.1,f2,2.60e-05,2.36e-01,0.00007,4.12e-07
27,w34a,0.1,0.1,g2,2.44e-06,2.22e-02,0.00002,3.65e-07
27,w34a,0.1,0.1,h2,1.55e-17,1.41e-13,0.00000,4.26e-07
27,w34a,0.1,0.1,a3,3.09e-05,2.80e-01,0.07500,4.81e-07
27,w34a,0.1,0.1,b3,8.48e-06,7.69e-02,0.01875,3.83e-07
27,w34a,0.1,0.1,c3,1.86e-05,1.69e-01,0.00469,2.90e-07
27,w34a,0.1,0.1,d3,7.27e-06,6.59e-02,0.00117,2.78e-07
27,w34a,0.1,0.1,e3,6.89e-06,6.24e-02,0.00029,1.57e-07
27,w34a,0.1,0.1,f3,1.02e-05,9.20e-02,0.00007,4.12e-07
27,w34a,0.1,0.1,g3,2.81e-06,2.55e-02,0.00002,3.65e-07
27,w34a,0.1,0.1,h3,-7.39e-18,-6.70e-14,0.00000,4.26e-07
27,w409a,0.103,0.1,a4,2.55e-05,2.24e-01,0.07500,4.81e-07
27,w409a,0.103,0.1,b4,1.52e-05,1.33e-01,0.01875,3.83e-07
27,w409a,0.103,0.1,c4,6.13e-06,5.40e-02,0.00469,2.90e-07
27,w409a,0.103,0.1,d4,1.19e-06,1.05e-02,0.00117,2.78e-07
27,w409a,0.103,0.1,e4,5.37e-06,4.73e-02,0.00029,1.57e-07
27,w409a,0.103,0.1,f4,6.92e-06,6.09e-02,0.00007,4.12e-07
27,w409a,0.103,0.1,g4,3.46e-06,3.04e-02,0.00002,3.65e-07
27,w409a,0.103,0.1,h4,-8.06e-18,-7.09e-14,0.00000,4.26e-07
27,w409a,0.103,0.1,a5,3.76e-05,3.31e-01,0.07500,4.81e-07
27,w409a,0.103,0.1,b5,1.82e-05,1.60e-01,0.01875,3.83e-07
27,w409a,0.103,0.1,c5,5.47e-06,4.81e-02,0.00469,2.90e-07
27,w409a,0.103,0.1,d5,6.30e-06,5.54e-02,0.00117,2.78e-07
27,w409a,0.103,0.1,e5,9.09e-06,8.00e-02,0.00029,1.57e-07
27,w409a,0.103,0.1,f5,2.18e-05,1.92e-01,0.00007,4.12e-07
27,w409a,0.103,0.1,g5,2.87e-06,2.52e-02,0.00002,3.65e-07
27,w409a,0.103,0.1,h5,-1.20e-17,-1.05e-13,0.00000,4.26e-07
27,w409a,0.103,0.1,a6,3.52e-05,3.09e-01,0.07500,4.81e-07
27,w409a,0.103,0.1,b6,1.41e-05,1.24e-01,0.01875,3.83e-07
27,w409a,0.103,0.1,c6,2.15e-06,1.89e-02,0.00469,2.90e-07
27,w409a,0.103,0.1,d6,2.48e-05,2.19e-01,0.00117,2.78e-07
27,w409a,0.103,0.1,e6,4.29e-06,3.77e-02,0.00029,1.57e-07
27,w409a,0.103,0.1,f6,5.41e-06,4.76e-02,0.00007,4.12e-07
27,w409a,0.103,0.1,g6,3.24e-06,2.85e-02,0.00002,3.65e-07
27,w409a,0.103,0.1,h6,-3.40e-18,-2.99e-14,0.00000,4.26e-07
