Mutant,kcat neutral,,,
E222A*,89.880,,,
W328L *,106.679,,,
W325L ,108.500,,,
T296A *,109.400,,,
H178A ,110.800,,,
N223H *,122.600,,,
R240A_2*,143.127,,,
H119A ,143.200,,,
M223G ,143.726,,,
S19A * ,154.044,,,
Y294A *,160.400,,,
Y18A *,196.527,,,
L219A *,197.505,,,
I247N *,271.400,,,
S14A *,320.475,,,
Q284R *,369.766,,,
C167A *,399.100,,,
L174R *,403.500,,,
N220A *,404.900,,,
M323A *,415.600,,,
M361T *,436.149,,,
T218A *,464.400,,,
R240A_1*,468.700,,,
W120F ,471.800,,,
S17A *,485.728,,,
C167Q ,498.900,,,
WT 10_2 *,510.800,,,
E426S ,518.244,,,
S400A *,530.700,,,
T178R *,534.458,,,
C167A *,540.700,,,
M221A *,553.774,,,
E180K *,554.900,,,
WT10 *,572.000,,,
Q313R *,573.700,,,
I91E *,591.400,,,
F75A ,613.346,,,
E17S ,641.200,,,
WT5 *,644.651,,,
E180L *,680.400,,,
V55G *,687.495,,,
WT2  *,691.061,,,
I303N *,693.400,,,
WT3  *,695.690,,,
H373R *,707.355,,,
A357A ,709.478,,,
WT 7 *,731.525,,,
Y297F *,734.900,,,
A356A *,799.800,,,
T178R *,801.300,,,
Q316R ,804.800,,,
L171A *,806.800,,,
WT 8 *,810.400,,,
S334A *,816.800,,,
K413A ,834.786,,,
WT 10_1 *,839.500,,,
E154D *,878.119,,,
WT9  *,884.300,,,
WT6 *,915.700,,,
WT4  *,916.301,,,
A195S *,946.900,,,
E177A ,986.200,,,
K344A *,"1,045.894",,,
H178A*,"1,059.000",,,
A408A ,"1,468.000",,,