Plate,Sample,Yield,Dilution,Well,Max V [420],kobs,S,Vmax correction per [S],,kcat,kcat SE,km,km SE,kcat/km
28,WT 10_1,0.271,0.01,A1,2.35E-02,7.88E+02,0.07500,4.81E-07,,8.40E+02,1.28E+01,8.35E-03,4.42E-04,1.01E+05
28,WT 10_1,0.271,0.01,B1,1.69E-02,5.66E+02,0.01875,3.83E-07,,8.40E+02,1.28E+01,8.35E-03,4.42E-04,1.01E+05
28,WT 10_1,0.271,0.01,C1,9.31E-03,3.11E+02,0.00469,2.90E-07,,8.40E+02,1.28E+01,8.35E-03,4.42E-04,1.01E+05
28,WT 10_1,0.271,0.01,D1,3.55E-03,1.19E+02,0.00117,2.78E-07,,8.40E+02,1.28E+01,8.35E-03,4.42E-04,1.01E+05
28,WT 10_1,0.271,0.01,E1,8.85E-04,2.96E+01,0.00029,1.57E-07,,8.40E+02,1.28E+01,8.35E-03,4.42E-04,1.01E+05
28,WT 10_1,0.271,0.01,F1,2.58E-04,8.62E+00,0.00007,4.12E-07,,8.40E+02,1.28E+01,8.35E-03,4.42E-04,1.01E+05
28,WT 10_1,0.271,0.01,G1,7.76E-05,2.60E+00,0.00002,3.65E-07,,8.40E+02,1.28E+01,8.35E-03,4.42E-04,1.01E+05
28,WT 10_1,0.271,0.01,H1,-2.94E-17,-9.84E-13,0.00000,4.26E-07,,8.40E+02,1.28E+01,8.35E-03,4.42E-04,1.01E+05
28,WT 10_1,0.271,0.01,A2,2.31E-02,7.74E+02,0.07500,4.81E-07,,8.40E+02,1.28E+01,8.35E-03,4.42E-04,1.01E+05
28,WT 10_1,0.271,0.01,B2,1.74E-02,5.81E+02,0.01875,3.83E-07,,8.40E+02,1.28E+01,8.35E-03,4.42E-04,1.01E+05
28,WT 10_1,0.271,0.01,C2,9.47E-03,3.17E+02,0.00469,2.90E-07,,8.40E+02,1.28E+01,8.35E-03,4.42E-04,1.01E+05
28,WT 10_1,0.271,0.01,D2,3.65E-03,1.22E+02,0.00117,2.78E-07,,8.40E+02,1.28E+01,8.35E-03,4.42E-04,1.01E+05
28,WT 10_1,0.271,0.01,E2,9.92E-04,3.32E+01,0.00029,1.57E-07,,8.40E+02,1.28E+01,8.35E-03,4.42E-04,1.01E+05
28,WT 10_1,0.271,0.01,F2,4.39E-04,1.47E+01,0.00007,4.12E-07,,8.40E+02,1.28E+01,8.35E-03,4.42E-04,1.01E+05
28,WT 10_1,0.271,0.01,G2,1.15E-04,3.85E+00,0.00002,3.65E-07,,8.40E+02,1.28E+01,8.35E-03,4.42E-04,1.01E+05
28,WT 10_1,0.271,0.01,H2,-8.14E-18,-2.72E-13,0.00000,4.26E-07,,8.40E+02,1.28E+01,8.35E-03,4.42E-04,1.01E+05
28,WT 10_1,0.271,0.01,A3,2.21E-02,7.39E+02,0.07500,4.81E-07,,8.40E+02,1.28E+01,8.35E-03,4.42E-04,1.01E+05
28,WT 10_1,0.271,0.01,B3,1.58E-02,5.30E+02,0.01875,3.83E-07,,8.40E+02,1.28E+01,8.35E-03,4.42E-04,1.01E+05
28,WT 10_1,0.271,0.01,C3,8.90E-03,2.98E+02,0.00469,2.90E-07,,8.40E+02,1.28E+01,8.35E-03,4.42E-04,1.01E+05
28,WT 10_1,0.271,0.01,D3,3.65E-03,1.22E+02,0.00117,2.78E-07,,8.40E+02,1.28E+01,8.35E-03,4.42E-04,1.01E+05
28,WT 10_1,0.271,0.01,E3,1.07E-03,3.59E+01,0.00029,1.57E-07,,8.40E+02,1.28E+01,8.35E-03,4.42E-04,1.01E+05
28,WT 10_1,0.271,0.01,F3,2.26E-04,7.56E+00,0.00007,4.12E-07,,8.40E+02,1.28E+01,8.35E-03,4.42E-04,1.01E+05
28,WT 10_1,0.271,0.01,G3,7.15E-05,2.39E+00,0.00002,3.65E-07,,8.40E+02,1.28E+01,8.35E-03,4.42E-04,1.01E+05
28,WT 10_1,0.271,0.01,H3,-1.11E-17,-3.70E-13,0.00000,4.26E-07,,8.40E+02,1.28E+01,8.35E-03,4.42E-04,1.01E+05
28,WT 10_2,0.271,0.001,A4,1.22E-03,4.09E+02,0.07500,4.81E-07,,8.40E+02,1.28E+01,8.35E-03,4.42E-04,1.01E+05
28,WT 10_2,0.271,0.001,B4,9.04E-04,3.02E+02,0.01875,3.83E-07,,8.40E+02,1.28E+01,8.35E-03,4.42E-04,1.01E+05
28,WT 10_2,0.271,0.001,C4,4.76E-04,1.59E+02,0.00469,2.90E-07,,8.40E+02,1.28E+01,8.35E-03,4.42E-04,1.01E+05
28,WT 10_2,0.271,0.001,D4,1.17E-04,3.91E+01,0.00117,2.78E-07,,8.40E+02,1.28E+01,8.35E-03,4.42E-04,1.01E+05
28,WT 10_2,0.271,0.001,E4,5.03E-05,1.68E+01,0.00029,1.57E-07,,8.40E+02,1.28E+01,8.35E-03,4.42E-04,1.01E+05
28,WT 10_2,0.271,0.001,F4,1.99E-05,6.66E+00,0.00007,4.12E-07,,8.40E+02,1.28E+01,8.35E-03,4.42E-04,1.01E+05
28,WT 10_2,0.271,0.001,G4,3.53E-06,1.18E+00,0.00002,3.65E-07,,8.40E+02,1.28E+01,8.35E-03,4.42E-04,1.01E+05
28,WT 10_2,0.271,0.001,H4,-2.30E-17,-7.68E-12,0.00000,4.26E-07,,8.40E+02,1.28E+01,8.35E-03,4.42E-04,1.01E+05
28,WT 10_2,0.271,0.001,A5,1.31E-03,4.37E+02,0.07500,4.81E-07,,8.40E+02,1.28E+01,8.35E-03,4.42E-04,1.01E+05
28,WT 10_2,0.271,0.001,B5,7.55E-04,2.52E+02,0.01875,3.83E-07,,8.40E+02,1.28E+01,8.35E-03,4.42E-04,1.01E+05
28,WT 10_2,0.271,0.001,C5,3.15E-04,1.05E+02,0.00469,2.90E-07,,8.40E+02,1.28E+01,8.35E-03,4.42E-04,1.01E+05
28,WT 10_2,0.271,0.001,D5,8.55E-05,2.86E+01,0.00117,2.78E-07,,8.40E+02,1.28E+01,8.35E-03,4.42E-04,1.01E+05
28,WT 10_2,0.271,0.001,E5,1.60E-05,5.34E+00,0.00029,1.57E-07,,8.40E+02,1.28E+01,8.35E-03,4.42E-04,1.01E+05
28,WT 10_2,0.271,0.001,F5,2.30E-05,7.70E+00,0.00007,4.12E-07,,8.40E+02,1.28E+01,8.35E-03,4.42E-04,1.01E+05
28,WT 10_2,0.271,0.001,G5,2.85E-06,9.52E-01,0.00002,3.65E-07,,8.40E+02,1.28E+01,8.35E-03,4.42E-04,1.01E+05
28,WT 10_2,0.271,0.001,H5,2.55E-17,8.52E-12,0.00000,4.26E-07,,8.40E+02,1.28E+01,8.35E-03,4.42E-04,1.01E+05
28,WT 10_2,0.271,0.001,A6,1.24E-03,4.15E+02,0.07500,4.81E-07,,8.40E+02,1.28E+01,8.35E-03,4.42E-04,1.01E+05
28,WT 10_2,0.271,0.001,B6,8.04E-04,2.69E+02,0.01875,3.83E-07,,8.40E+02,1.28E+01,8.35E-03,4.42E-04,1.01E+05
28,WT 10_2,0.271,0.001,C6,2.56E-04,8.56E+01,0.00469,2.90E-07,,8.40E+02,1.28E+01,8.35E-03,4.42E-04,1.01E+05
28,WT 10_2,0.271,0.001,D6,7.03E-05,2.35E+01,0.00117,2.78E-07,,8.40E+02,1.28E+01,8.35E-03,4.42E-04,1.01E+05
28,WT 10_2,0.271,0.001,E6,1.98E-05,6.61E+00,0.00029,1.57E-07,,8.40E+02,1.28E+01,8.35E-03,4.42E-04,1.01E+05
28,WT 10_2,0.271,0.001,F6,2.00E-05,6.69E+00,0.00007,4.12E-07,,8.40E+02,1.28E+01,8.35E-03,4.42E-04,1.01E+05
28,WT 10_2,0.271,0.001,G6,5.06E-06,1.69E+00,0.00002,3.65E-07,,8.40E+02,1.28E+01,8.35E-03,4.42E-04,1.01E+05
28,WT 10_2,0.271,0.001,H6,-2.09E-17,-7.01E-12,0.00000,4.26E-07,,8.40E+02,1.28E+01,8.35E-03,4.42E-04,1.01E+05
28,R240A_1,1.108,0.001,A7,3.81E-03,3.12E+02,0.07500,4.81E-07,,4.69E+02,1.36E+01,4.17E-02,2.66E-03,1.12E+04
28,R240A_1,1.108,0.001,B7,1.72E-03,1.40E+02,0.01875,3.83E-07,,4.69E+02,1.36E+01,4.17E-02,2.66E-03,1.12E+04
28,R240A_1,1.108,0.001,C7,6.42E-04,5.25E+01,0.00469,2.90E-07,,4.69E+02,1.36E+01,4.17E-02,2.66E-03,1.12E+04
28,R240A_1,1.108,0.001,D7,1.78E-04,1.45E+01,0.00117,2.78E-07,,4.69E+02,1.36E+01,4.17E-02,2.66E-03,1.12E+04
28,R240A_1,1.108,0.001,E7,2.94E-05,2.41E+00,0.00029,1.57E-07,,4.69E+02,1.36E+01,4.17E-02,2.66E-03,1.12E+04
28,R240A_1,1.108,0.001,F7,1.20E-05,9.86E-01,0.00007,4.12E-07,,4.69E+02,1.36E+01,4.17E-02,2.66E-03,1.12E+04
28,R240A_1,1.108,0.001,G7,1.20E-06,9.85E-02,0.00002,3.65E-07,,4.69E+02,1.36E+01,4.17E-02,2.66E-03,1.12E+04
28,R240A_1,1.108,0.001,H7,1.68E-17,1.38E-12,0.00000,4.26E-07,,4.69E+02,1.36E+01,4.17E-02,2.66E-03,1.12E+04
28,R240A_1,1.108,0.001,A8,3.61E-03,2.95E+02,0.07500,4.81E-07,,4.69E+02,1.36E+01,4.17E-02,2.66E-03,1.12E+04
28,R240A_1,1.108,0.001,B8,1.68E-03,1.37E+02,0.01875,3.83E-07,,4.69E+02,1.36E+01,4.17E-02,2.66E-03,1.12E+04
28,R240A_1,1.108,0.001,C8,7.01E-04,5.73E+01,0.00469,2.90E-07,,4.69E+02,1.36E+01,4.17E-02,2.66E-03,1.12E+04
28,R240A_1,1.108,0.001,D8,2.18E-04,1.79E+01,0.00117,2.78E-07,,4.69E+02,1.36E+01,4.17E-02,2.66E-03,1.12E+04
28,R240A_1,1.108,0.001,E8,5.58E-05,4.56E+00,0.00029,1.57E-07,,4.69E+02,1.36E+01,4.17E-02,2.66E-03,1.12E+04
28,R240A_1,1.108,0.001,F8,1.33E-05,1.09E+00,0.00007,4.12E-07,,4.69E+02,1.36E+01,4.17E-02,2.66E-03,1.12E+04
28,R240A_1,1.108,0.001,G8,2.55E-06,2.08E-01,0.00002,3.65E-07,,4.69E+02,1.36E+01,4.17E-02,2.66E-03,1.12E+04
28,R240A_1,1.108,0.001,H8,1.02E-17,8.38E-13,0.00000,4.26E-07,,4.69E+02,1.36E+01,4.17E-02,2.66E-03,1.12E+04
28,R240A_1,1.108,0.001,A9,3.67E-03,3.00E+02,0.07500,4.81E-07,,4.69E+02,1.36E+01,4.17E-02,2.66E-03,1.12E+04
28,R240A_1,1.108,0.001,B9,1.73E-03,1.42E+02,0.01875,3.83E-07,,4.69E+02,1.36E+01,4.17E-02,2.66E-03,1.12E+04
28,R240A_1,1.108,0.001,C9,7.30E-04,5.98E+01,0.00469,2.90E-07,,4.69E+02,1.36E+01,4.17E-02,2.66E-03,1.12E+04
28,R240A_1,1.108,0.001,D9,2.50E-04,2.04E+01,0.00117,2.78E-07,,4.69E+02,1.36E+01,4.17E-02,2.66E-03,1.12E+04
28,R240A_1,1.108,0.001,E9,1.00E-04,8.18E+00,0.00029,1.57E-07,,4.69E+02,1.36E+01,4.17E-02,2.66E-03,1.12E+04
28,R240A_1,1.108,0.001,F9,2.18E-05,1.78E+00,0.00007,4.12E-07,,4.69E+02,1.36E+01,4.17E-02,2.66E-03,1.12E+04
28,R240A_1,1.108,0.001,G9,1.53E-06,1.25E-01,0.00002,3.65E-07,,4.69E+02,1.36E+01,4.17E-02,2.66E-03,1.12E+04
28,R240A_1,1.108,0.001,H9,1.78E-17,1.46E-12,0.00000,4.26E-07,,4.69E+02,1.36E+01,4.17E-02,2.66E-03,1.12E+04
28,R240A_2,1.108,0.0001,A10,1.48E-04,1.21E+02,0.07500,4.81E-07,,4.69E+02,1.36E+01,4.17E-02,2.66E-03,1.12E+04
28,R240A_2,1.108,0.0001,B10,4.12E-05,3.37E+01,0.01875,3.83E-07,,4.69E+02,1.36E+01,4.17E-02,2.66E-03,1.12E+04
28,R240A_2,1.108,0.0001,C10,4.06E-05,3.32E+01,0.00469,2.90E-07,,4.69E+02,1.36E+01,4.17E-02,2.66E-03,1.12E+04
28,R240A_2,1.108,0.0001,D10,1.39E-05,1.14E+01,0.00117,2.78E-07,,4.69E+02,1.36E+01,4.17E-02,2.66E-03,1.12E+04
28,R240A_2,1.108,0.0001,E10,3.93E-06,3.21E+00,0.00029,1.57E-07,,4.69E+02,1.36E+01,4.17E-02,2.66E-03,1.12E+04
28,R240A_2,1.108,0.0001,F10,5.54E-06,4.53E+00,0.00007,4.12E-07,,4.69E+02,1.36E+01,4.17E-02,2.66E-03,1.12E+04
28,R240A_2,1.108,0.0001,G10,1.86E-06,1.52E+00,0.00002,3.65E-07,,4.69E+02,1.36E+01,4.17E-02,2.66E-03,1.12E+04
28,R240A_2,1.108,0.0001,H10,7.13E-18,5.84E-12,0.00000,4.26E-07,,4.69E+02,1.36E+01,4.17E-02,2.66E-03,1.12E+04
28,R240A_2,1.108,0.0001,A11,9.15E-05,7.49E+01,0.07500,4.81E-07,,4.69E+02,1.36E+01,4.17E-02,2.66E-03,1.12E+04
28,R240A_2,1.108,0.0001,B11,4.97E-05,4.07E+01,0.01875,3.83E-07,,4.69E+02,1.36E+01,4.17E-02,2.66E-03,1.12E+04
28,R240A_2,1.108,0.0001,C11,2.85E-05,2.33E+01,0.00469,2.90E-07,,4.69E+02,1.36E+01,4.17E-02,2.66E-03,1.12E+04
28,R240A_2,1.108,0.0001,D11,2.83E-06,2.32E+00,0.00117,2.78E-07,,4.69E+02,1.36E+01,4.17E-02,2.66E-03,1.12E+04
28,R240A_2,1.108,0.0001,E11,4.93E-06,4.04E+00,0.00029,1.57E-07,,4.69E+02,1.36E+01,4.17E-02,2.66E-03,1.12E+04
28,R240A_2,1.108,0.0001,F11,5.22E-06,4.27E+00,0.00007,4.12E-07,,4.69E+02,1.36E+01,4.17E-02,2.66E-03,1.12E+04
28,R240A_2,1.108,0.0001,G11,-7.31E-18,-5.98E-12,0.00002,3.65E-07,,4.69E+02,1.36E+01,4.17E-02,2.66E-03,1.12E+04
28,R240A_2,1.108,0.0001,H11,-4.39E-18,-3.59E-12,0.00000,4.26E-07,,4.69E+02,1.36E+01,4.17E-02,2.66E-03,1.12E+04
28,R240A_2,1.108,0.0001,A12,9.45E-05,7.74E+01,0.07500,4.81E-07,,4.69E+02,1.36E+01,4.17E-02,2.66E-03,1.12E+04
28,R240A_2,1.108,0.0001,B12,3.76E-05,3.07E+01,0.01875,3.83E-07,,4.69E+02,1.36E+01,4.17E-02,2.66E-03,1.12E+04
28,R240A_2,1.108,0.0001,C12,2.97E-05,2.43E+01,0.00469,2.90E-07,,4.69E+02,1.36E+01,4.17E-02,2.66E-03,1.12E+04
28,R240A_2,1.108,0.0001,D12,4.04E-06,3.31E+00,0.00117,2.78E-07,,4.69E+02,1.36E+01,4.17E-02,2.66E-03,1.12E+04
28,R240A_2,1.108,0.0001,E12,3.59E-06,2.94E+00,0.00029,1.57E-07,,4.69E+02,1.36E+01,4.17E-02,2.66E-03,1.12E+04
28,R240A_2,1.108,0.0001,F12,3.77E-06,3.09E+00,0.00007,4.12E-07,,4.69E+02,1.36E+01,4.17E-02,2.66E-03,1.12E+04
28,R240A_2,1.108,0.0001,G12,1.93E-05,1.58E+01,0.00002,3.65E-07,,4.69E+02,1.36E+01,4.17E-02,2.66E-03,1.12E+04
28,R240A_2,1.108,0.0001,H12,3.72E-17,3.04E-11,0.00000,4.26E-07,,4.69E+02,1.36E+01,4.17E-02,2.66E-03,1.12E+04