Plate,Sample,Yield,Dilution,Well,Rate,kobs,S,Vmax correction per [S]
X,E164A,4.536,0.01,A1,1.18E-05,2.36E-02,0.07500,4.81E-07
X,E164A,4.536,0.01,B1,1.11E-05,2.22E-02,0.01875,3.83E-07
X,E164A,4.536,0.01,C1,9.32E-06,1.86E-02,0.00469,2.90E-07
X,E164A,4.536,0.01,D1,6.32E-06,1.26E-02,0.00117,2.78E-07
X,E164A,4.536,0.01,E1,2.71E-06,5.42E-03,0.00029,1.57E-07
X,E164A,4.536,0.01,F1,1.03E-06,2.06E-03,0.00007,4.12E-07
X,E164A,4.536,0.01,G1,2.54E-06,5.08E-03,0.00002,3.65E-07
X,E164A,4.536,0.01,H1,3.67E-07,7.34E-04,0.00000,4.26E-07
X,E164A,4.536,0.01,A2,1.18E-05,2.36E-02,0.07500,4.81E-07
X,E164A,4.536,0.01,B2,1.10E-05,2.20E-02,0.01875,3.83E-07
X,E164A,4.536,0.01,C2,9.05E-06,1.81E-02,0.00469,2.90E-07
X,E164A,4.536,0.01,D2,6.12E-06,1.22E-02,0.00117,2.78E-07
X,E164A,4.536,0.01,E2,2.77E-06,5.54E-03,0.00029,1.57E-07
X,E164A,4.536,0.01,F2,9.17E-07,1.83E-03,0.00007,4.12E-07
X,E164A,4.536,0.01,G2,2.92E-07,5.84E-04,0.00002,3.65E-07
X,E164A,4.536,0.01,H2,-1.28E-07,-2.56E-04,0.00000,4.26E-07
X,E164A,4.536,0.01,A3,1.15E-05,2.30E-02,0.07500,4.81E-07
X,E164A,4.536,0.01,B3,1.06E-05,2.12E-02,0.01875,3.83E-07
X,E164A,4.536,0.01,C3,9.02E-06,1.80E-02,0.00469,2.90E-07
X,E164A,4.536,0.01,D3,6.24E-06,1.25E-02,0.00117,2.78E-07
X,E164A,4.536,0.01,E3,2.86E-06,5.72E-03,0.00029,1.57E-07
X,E164A,4.536,0.01,F3,1.03E-06,2.06E-03,0.00007,4.12E-07
X,E164A,4.536,0.01,G3,3.72E-07,7.44E-04,0.00002,3.65E-07
X,E164A,4.536,0.01,H3,1.10E-07,2.20E-04,0.00000,4.26E-07
X,Q19A,2.696,0.01,A4,5.71E-05,1.92E-01,0.07500,4.81E-07
X,Q19A,2.696,0.01,B4,3.75E-05,1.26E-01,0.01875,3.83E-07
X,Q19A,2.696,0.01,C4,2.20E-05,7.40E-02,0.00469,2.90E-07
X,Q19A,2.696,0.01,D4,8.67E-06,2.92E-02,0.00117,2.78E-07
X,Q19A,2.696,0.01,E4,2.53E-06,8.51E-03,0.00029,1.57E-07
X,Q19A,2.696,0.01,F4,8.70E-07,2.93E-03,0.00007,4.12E-07
X,Q19A,2.696,0.01,G4,3.97E-07,1.34E-03,0.00002,3.65E-07
X,Q19A,2.696,0.01,H4,9.90E-08,3.33E-04,0.00000,4.26E-07
X,Q19A,2.696,0.01,A5,5.68E-05,1.91E-01,0.07500,4.81E-07
X,Q19A,2.696,0.01,B5,3.73E-05,1.25E-01,0.01875,3.83E-07
X,Q19A,2.696,0.01,C5,2.09E-05,7.03E-02,0.00469,2.90E-07
X,Q19A,2.696,0.01,D5,8.67E-06,2.92E-02,0.00117,2.78E-07
X,Q19A,2.696,0.01,E5,2.68E-06,9.01E-03,0.00029,1.57E-07
X,Q19A,2.696,0.01,F5,9.30E-07,3.13E-03,0.00007,4.12E-07
X,Q19A,2.696,0.01,G5,3.26E-07,1.10E-03,0.00002,3.65E-07
X,Q19A,2.696,0.01,H5,1.24E-07,4.17E-04,0.00000,4.26E-07
X,Q19A,2.696,0.01,A6,6.04E-05,2.03E-01,0.07500,4.81E-07
X,Q19A,2.696,0.01,B6,3.67E-05,1.23E-01,0.01875,3.83E-07
X,Q19A,2.696,0.01,C6,2.11E-05,7.10E-02,0.00469,2.90E-07
X,Q19A,2.696,0.01,D6,8.49E-06,2.86E-02,0.00117,2.78E-07
X,Q19A,2.696,0.01,E6,2.66E-06,8.95E-03,0.00029,1.57E-07
X,Q19A,2.696,0.01,F6,7.31E-07,2.46E-03,0.00007,4.12E-07
X,Q19A,2.696,0.01,G6,5.49E-07,1.85E-03,0.00002,3.65E-07
X,Q19A,2.696,0.01,H6,4.56E-07,1.53E-03,0.00000,4.26E-07
X,W120A,0.417,0.01,A7,2.20E-04,4.78E+00,0.07500,4.81E-07
X,W120A,0.417,0.01,B7,8.83E-05,1.92E+00,0.01875,3.83E-07
X,W120A,0.417,0.01,C7,2.64E-05,5.74E-01,0.00469,2.90E-07
X,W120A,0.417,0.01,D7,7.45E-06,1.62E-01,0.00117,2.78E-07
X,W120A,0.417,0.01,E7,1.93E-06,4.20E-02,0.00029,1.57E-07
X,W120A,0.417,0.01,F7,5.49E-07,1.19E-02,0.00007,4.12E-07
X,W120A,0.417,0.01,G7,6.02E-07,1.31E-02,0.00002,3.65E-07
X,W120A,0.417,0.01,H7,1.31E-06,2.85E-02,0.00000,4.26E-07
X,W120A,0.417,0.01,A8,2.19E-04,4.76E+00,0.07500,4.81E-07
X,W120A,0.417,0.01,B8,9.06E-05,1.97E+00,0.01875,3.83E-07
X,W120A,0.417,0.01,C8,2.72E-05,5.91E-01,0.00469,2.90E-07
X,W120A,0.417,0.01,D8,8.87E-06,1.93E-01,0.00117,2.78E-07
X,W120A,0.417,0.01,E8,2.08E-06,4.52E-02,0.00029,1.57E-07
X,W120A,0.417,0.01,F8,6.13E-07,1.33E-02,0.00007,4.12E-07
X,W120A,0.417,0.01,G8,1.30E-07,2.83E-03,0.00002,3.65E-07
X,W120A,0.417,0.01,H8,3.41E-07,7.41E-03,0.00000,4.26E-07
X,W120A,0.417,0.01,A9,2.21E-04,4.80E+00,0.07500,4.81E-07
X,W120A,0.417,0.01,B9,8.94E-05,1.94E+00,0.01875,3.83E-07
X,W120A,0.417,0.01,C9,2.64E-05,5.74E-01,0.00469,2.90E-07
X,W120A,0.417,0.01,D9,8.58E-06,1.87E-01,0.00117,2.78E-07
X,W120A,0.417,0.01,E9,3.22E-06,7.00E-02,0.00029,1.57E-07
X,W120A,0.417,0.01,F9,4.84E-07,1.05E-02,0.00007,4.12E-07
X,W120A,0.417,0.01,G9,2.22E-07,4.83E-03,0.00002,3.65E-07
X,W120A,0.417,0.01,H9,-1.08E-07,-2.35E-03,0.00000,4.26E-07
X,W34A,3,0.01,A10,3.40E-03,1.03E+01,0.07500,4.81E-07
X,W34A,3,0.01,B10,3.46E-03,1.05E+01,0.01875,3.83E-07
X,W34A,3,0.01,C10,2.56E-03,7.74E+00,0.00469,2.90E-07
X,W34A,3,0.01,D10,1.03E-03,3.11E+00,0.00117,2.78E-07
X,W34A,3,0.01,E10,2.95E-04,8.92E-01,0.00029,1.57E-07
X,W34A,3,0.01,F10,7.61E-05,2.30E-01,0.00007,4.12E-07
X,W34A,3,0.01,G10,1.85E-05,5.59E-02,0.00002,3.65E-07
X,W34A,3,0.01,H10,3.25E-07,9.82E-04,0.00000,4.26E-07
X,W34A,3,0.01,A11,3.39E-03,1.02E+01,0.07500,4.81E-07
X,W34A,3,0.01,B11,3.47E-03,1.05E+01,0.01875,3.83E-07
X,W34A,3,0.01,C11,2.58E-03,7.80E+00,0.00469,2.90E-07
X,W34A,3,0.01,D11,1.02E-03,3.08E+00,0.00117,2.78E-07
X,W34A,3,0.01,E11,2.94E-04,8.89E-01,0.00029,1.57E-07
X,W34A,3,0.01,F11,7.55E-05,2.28E-01,0.00007,4.12E-07
X,W34A,3,0.01,G11,1.99E-05,6.01E-02,0.00002,3.65E-07
X,W34A,3,0.01,H11,-1.63E-07,-4.93E-04,0.00000,4.26E-07
X,W34A,3,0.01,A12,3.37E-03,1.02E+01,0.07500,4.81E-07
X,W34A,3,0.01,B12,3.51E-03,1.06E+01,0.01875,3.83E-07
X,W34A,3,0.01,C12,2.61E-03,7.89E+00,0.00469,2.90E-07
X,W34A,3,0.01,D12,1.06E-03,3.20E+00,0.00117,2.78E-07
X,W34A,3,0.01,E12,3.03E-04,9.16E-01,0.00029,1.57E-07
X,W34A,3,0.01,F12,7.76E-05,2.35E-01,0.00007,4.12E-07
X,W34A,3,0.01,G12,1.94E-05,5.86E-02,0.00002,3.65E-07
X,W34A,3,0.01,H12,-8.77E-08,-2.65E-04,0.00000,4.26E-07