,sample,yield,kcat,err1,km,err2,slope,std_err,R,seq,newaa,oldaa,eff,err3,%err1,%err2,%err3,log kcat,log km,log eff,normalized kcat,normalized km,normalized eff
1,a356a,0.7440000000000001,799.7768362773702,11.747051069641195,0.006957587634645419,0.0003683276753856018,9561.502219384514,1196.4113338600405,0.8624362397360281,356,a,a,114950.30724368726,6315.231782297674,0.014687911098199407,0.05293899189303893,0.054938798631566844,6.685582301855094,0.006933495306900028,11.652263902407544,0.7191051988895563,0.30164069850062136,0.8791902032944726
2,a357a,1.924,695.1724470441924,18.594754696473018,0.0041313966967772885,0.00040575315819256063,8975.606204838094,1615.7383427357006,0.7713999353936375,357,a,a,168265.72175614708,17127.67714674236,0.026748405774043776,0.09821210306651741,0.10178946114505733,6.5455973983864695,0.004122885910348277,12.033305628934878,0.7040483396205576,0.17936554808051822,0.9079406809540136
3,a408a,0.804,1467.9416296062946,27.38703564831157,0.004352673259853548,0.00032061806852027875,17949.898921161766,2642.102324939257,0.8229273262631004,408,a,a,337250.591066807,25626.330978105227,0.018656760661291988,0.07366003588586992,0.07598602243228932,7.292297440603146,0.004343227776416731,12.728584491825536,0.784363839172492,0.18895148871332942,0.9604010757692123
4,c167a,0.579,478.9433193609825,14.377352737462358,0.014564752757202424,0.0012670131443492038,5409.8732812367525,404.9870503431473,0.893646205050438,167,a,c,32883.72465671551,3026.141952143492,0.030018902354969606,0.0869917372076675,0.0920255227695289,6.173668012264774,0.014459705508764123,10.400763532786167,0.664043394186605,0.6290673717535094,0.7847616121120171
9,e164a,0.42,0.19130499243853505,0.0069111188684899075,0.0010051597802090179,0.00016968369814277036,2.1766895424296564,0.4655678494728876,0.7141563901513331,164,a,e,190.32296775618514,32.85639042516154,0.036126181446678146,0.16881266191081132,0.17263492059062732,0.1750493385627688,0.0010046549453818993,5.25396293069359,0.01882841071117121,0.043707366351790504,0.3964236285606022
10,e177a,0.96,986.1840019537664,9.96438141766442,0.005983979369763841,0.00022469038662673442,11808.553973879223,1634.3386133319714,0.8387626021742701,177,a,e,164804.044435181,6408.2966835210445,0.010103977957382809,0.037548656628407104,0.0388843411306055,6.894856447543482,0.005966146470984384,12.012518505425827,0.7416148501604609,0.2595563289808245,0.9063722445113707
26,f75a,0.4370000000000001,613.3457369797668,8.381267900374432,0.005465389117642823,0.0002825158761288322,7376.682751175211,1008.1780122624724,0.8418723335007475,75,a,f,112223.61734498014,6000.31389550422,0.013664834358587733,0.051691813711276784,0.05346747892699807,6.420557859215307,0.0054505080743775525,11.628257653931511,0.6905990126023579,0.23712355600823184,0.8773788764437634
29,h119a,1.213,143.23518492542237,5.603112034843542,0.015104376887748015,0.0017716687400105282,1582.2630714045486,169.108937185607,0.8980697680573357,119,a,h,9483.025085371662,1172.5394877607398,0.03911826579314914,0.1172950564711892,0.12364614426355124,4.9714451959572585,0.01499144157882449,9.157364092202007,0.5347315947954744,0.6522004716535504,0.6909442547212742
32,h178a,0.251,112.76162661212307,3.3289907819144395,0.007672443882945278,0.0007295689485146647,1373.7338176445191,220.8974256095512,0.8050406531407954,178,a,h,14696.963357760842,1463.3324322692465,0.029522372831366533,0.09508951250023345,0.09956699194575612,4.73410526458248,0.007643160374051642,9.595464216077193,0.5092031709649375,0.3325145733764105,0.7239999201438172
40,k341a,0.916,1045.8940617631988,16.785831231250878,0.005456216834875332,0.0003313631692626026,12311.935807522563,1806.408463990173,0.8237809885765465,341,a,k,191688.5075164166,12041.136533186782,0.0160492652601477,0.0607313050948742,0.06281616299900271,6.9535830230990765,0.005441385607603664,12.163632193662108,0.747931515469224,0.2367266844264503,0.9177741210388652
41,k413a,1.108,834.7511955940831,32.63669431221448,0.0029201601202268035,0.0004830531573156453,9708.633331980254,1966.943164221953,0.7249032509123288,413,a,k,285858.0218982134,48589.49237575019,0.03909751131172362,0.16542009253866785,0.1699777114985132,6.7283309558634485,0.0029159047349211686,12.563254037846022,0.7237032694771263,0.12685600870423613,0.9479265114560076
42,l171a,0.376,806.7870619309392,9.314310222041296,0.011094551089428415,0.00041563092973337655,9242.799078939126,992.0382141248937,0.8931995550329135,171,a,l,72719.21643586793,2850.679958765078,0.011544942478066906,0.03746261803502945,0.039201191906119225,6.694298486574877,0.011033458009040967,11.194374705137744,0.7200427168892581,0.48000897576325124,0.8446414066137864
44,l219a,0.473,198.7231598371196,4.712334903467214,0.007866622961316572,0.0005974433683749713,2439.2001114394675,367.7894089356597,0.8227055293064133,219,a,l,25261.55897064386,2009.8737340788307,0.023713063476494677,0.07594661283664497,0.07956253754625674,5.29693220684272,0.00783584240355582,10.137078696024593,0.5697411707951313,0.3408971768679449,0.7648659826292196
45,m221a,0.73,547.0900210791923,15.463730550439186,0.00624859075289525,0.0005953301161223677,6845.165469941279,1099.0015494612767,0.8054798103467797,221,a,m,87554.14504073598,8701.017342531013,0.028265422425244314,0.09527430098483003,0.0993787026129114,6.306439545499162,0.006229149255638288,11.380024102871769,0.6783243790735749,0.2709982266325995,0.8586490821266581
48,m323a,0.348,415.5724404080256,10.581074110176017,0.009343585747999471,0.0008040050099367566,4778.04447694484,619.6418930550475,0.8543570932972195,323,a,m,44476.76209286169,3991.202333107095,0.025461443255926922,0.08604887155971142,0.08973680064151217,6.0320603730333096,0.009300204465807852,10.702744614998256,0.6488119924961991,0.4046040340538053,0.8075467816966396
51,n163a,0.737,6.6623515463753895,0.1589248967505526,0.011945374128194764,0.0009079554860166203,75.17986605301734,8.481690649013798,0.8838775971739093,163,a,n,557.7348582703816,44.431498351893715,0.02385417455748259,0.0760089618184135,0.0796641947209152,2.0363189270290243,0.01187459127420697,6.325675046268204,0.21902767192282674,0.5166023553512185,0.47728678104812117
54,n220a,0.615,404.9249904151638,8.164493782002957,0.010270689420512579,0.0006845723738498732,4639.79565667439,565.6101861718063,0.8681113244195393,220,a,n,39425.29793632444,2745.4192142919796,0.02016297826822696,0.06665301089551477,0.06963597887645871,6.006168389860845,0.010218304272324273,10.582188332946263,0.6460270354246641,0.4445458317579588,0.798450531988133
57,n293a,0.682,12.7037945105497,0.18942242591798428,0.009673856931379591,0.00044014742889970823,154.58889426046102,20.505685385924217,0.8545144411880735,293,a,n,1313.2088473772797,62.87591313317517,0.014910696623806445,0.045498649816908,0.04787959908947458,2.6176727660575048,0.009627364775911655,7.180990126580263,0.2815584357612709,0.41883709545981546,0.5418222778098291
58,n354a,0.342,2.9467628923309923,0.10487317186496076,0.0053849330612630395,0.0006667230813914185,38.30879561431861,5.808746468430396,0.821212355547104,354,a,n,547.2236811129138,70.49672794990502,0.03558928074528671,0.12381269624084021,0.12882616447908943,1.3728957219933111,0.005370486149786363,6.306683380879705,0.14766947838555217,0.2336422138913591,0.4758538160643496
59,n404a,1.413,3.704896269609669,0.04893189016239236,0.009415325191831045,0.0004195134014015698,43.390144995651404,4.845515437264226,0.8858373187598442,404,a,n,393.4963683276838,18.286834760995756,0.013207357669840403,0.0445564431237648,0.04647269004975265,1.5486037259525798,0.009371277285323712,5.977609934483565,0.16656873553755178,0.40769604666421805,0.45102446507650795
60,n407a,1.125,49.51855154978588,0.9711213412763208,0.011091662340194028,0.0006419850962073457,595.7611974653288,69.16417442824282,0.8828380970781379,407,a,n,4464.484225267143,272.83415006897,0.019611263069759962,0.05787997114561597,0.06111213217527817,3.9223406262436,0.011030600953429271,8.404132936538403,0.4218892848517991,0.47988467997703943,0.6341112256702598
67,r240a,1.108,10905.183489934983,216.8540661997371,0.01913167738065517,0.0010685375787692,115544.52811959686,9018.947845996867,0.9390435623184844,240,a,r,570006.6582223295,33793.49792455313,0.01988541196027413,0.05585174564200222,0.059286145937214776,9.297085200022172,0.018950968051746,13.253405075198248,1.0,0.8244590913190395,1.0
71,s14a,0.601,320.4748402906985,11.350920157622836,0.008254774924997009,0.001015983211546234,3802.4313089792686,407.45696874406923,0.8934921952707849,14,a,s,38822.965277979965,4972.184464089821,0.03541906799088055,0.12307824510994793,0.1280732790112248,5.772919283354757,0.008220890614326246,10.566792996740432,0.620938623144057,0.3576486429196519,0.7972889183410378
75,s331a,0.893,816.802399673974,5.380764902466079,0.004337639160639375,0.00011288823630155275,9670.956030923997,1553.650421535861,0.7986482771643835,331,a,s,188305.75099141628,5055.268348362913,0.006587596834453237,0.026025271379400045,0.026846064561211153,6.706620742230436,0.004328258720090292,12.14582756632023,0.721368106018265,0.18830026210880446,0.9164307208152355
76,s400a,0.41,530.6818618922206,8.900238747063446,0.003220252380256524,0.00022482570853927074,6434.391292925015,1011.0735980311067,0.804982636236821,400,a,s,164795.1151735339,11832.674731488243,0.01677132645033014,0.06981617649526005,0.07180233903795087,6.276045306503968,0.0032150784721112335,12.012464323203533,0.675055156694595,0.13987151835190909,0.9063681563376532
78,t218a,0.977,464.35990534460717,18.47375852113708,0.006514626074526332,0.0009399762012564817,5535.868682738237,582.0684405160989,0.9008773154592246,218,a,t,71279.59456650319,10668.501216760158,0.03978327652433187,0.14428705354740193,0.14967118263848353,6.142811096199973,0.006493497611129005,11.174379403390812,0.6607244059875157,0.28249866314668454,0.8431327149505135
79,t296a,0.39,109.41504124559631,2.3466366160894974,0.011047783943679602,0.0007696599571044796,1244.8532424695268,145.95640950459733,0.8762376172608474,296,a,t,9903.799875466633,721.9179753369949,0.021447111744190325,0.06966645628011212,0.07289302938413632,4.704246367729371,0.010987202960672685,9.20077475453345,0.5059915303043745,0.4779966566541428,0.6942196893801514
80,t352a,0.7,59.514490389011364,2.4059288922672253,0.01425792687195968,0.0017550368295087787,659.2869960679308,65.88555554994579,0.905464283269445,352,a,t,4174.13351348122,540.8024243942053,0.040425934533608154,0.12309200666194452,0.12956040400901722,4.102882846920892,0.014157238574948047,8.336901616050568,0.441308513222091,0.6159085920686328,0.6290384673786078
86,w325a,0.255,29.40627190290409,0.8879888007675585,0.0016119606051717367,0.00022512094318298656,297.7206370175764,80.46580511344062,0.6193353865089151,325,a,w,18242.549978304945,2606.5687597461465,0.03019725872424729,0.13965660355514856,0.14288401363000364,3.4146488997281885,0.0016106627911715195,9.8115668706947,0.36728166153839753,0.07007164898409049,0.7403053641705685
91,w399a,0.957,0.2351696389196351,0.012212703645781921,0.016649611780909238,0.0025249215474354284,2.574192430923003,0.2171263440541415,0.9298731467349884,399,a,w,14.124631974259309,2.264119193074643,0.05193146403543779,0.15165047573845244,0.16029580078268713,0.21120832009609247,0.016512526513037307,2.716324671340494,0.02271769221772742,0.7183750490817805,0.20495296536462818
115,y294a,0.591,165.55051245255729,1.5982605413280242,0.004977453745628125,0.00016992774962260458,2113.283031545666,345.6230664791388,0.8002032294558625,294,a,y,33260.08053775813,1180.0107148147401,0.009654216816671266,0.034139493465279946,0.035478287957695906,5.115298641504107,0.0049651071754391995,10.412143239824683,0.5502045567455817,0.21600626094597308,0.7856202372709065
