sample,yield,kcat,err1,km,err2,slope,std_err,R
a192s,1.168,945.84472598644,9.727619016509278,0.005089355187257657,0.00018424495364024852,12051.934790025287,1959.9406971351552,0.801828520144992
a356a,0.7440000000000001,799.7768362773701,11.747051069641197,0.006957587634645419,0.00036832767538560183,9561.502219384514,1196.4113338600403,0.8624362397360281
a357a,1.9240000000000002,695.1724614443137,18.59475534351391,0.004131396639469407,0.00040575317033563954,8975.606433127165,1615.7383742727852,0.7713999372415407
a408a,0.804,1467.9416296062946,27.38703564831157,0.004352673259853548,0.00032061806852027875,17949.898921161763,2642.102324939257,0.8229273262631004
c167a,0.579,478.94331936098246,14.37735273746236,0.014564752757202426,0.001267013144349204,5409.873281236753,404.98705034314725,0.893646205050438
c167n+w120r,0.244,0.3592647112560843,0.0786322238378169,0.026201747913494916,0.014672742405209199,3.617808726752544,0.5153974533412218,0.8314605000029274
c167q,0.938,503.6721865732356,5.540033686618621,0.004917971649088523,0.00019176115495979923,6291.5197645485,1123.0153951693555,0.7740359208938103
d403a,0.12,1.1902971215054006,0.27050643908726923,0.04401680640948469,0.021599039795491996,9.843562493939984,0.9582721043488107,0.9096567793112662
e154d,1.42,878.0775610163225,46.70017926875788,0.0034569407802605705,0.0007561011517268448,10398.217522118146,1934.3440306348514,0.753493948419729
e164a,0.42,0.19130499243853502,0.006911118868489908,0.001005159780209018,0.00016968369814277036,2.1766895424296564,0.4655678494728876,0.7141563901513331
e177a,0.96,986.1840019537663,9.96438141766442,0.005983979369763841,0.00022469038662673444,11808.553973879223,1634.3386133319714,0.8387626021742701
e177k,0.953,554.9387299001191,7.277036731816095,0.006192875769837768,0.0002997345785649664,6507.2070142711555,959.0542144366834,0.8225840215926337
e177l,0.765,669.5458935719012,10.055080070722704,0.007482776851009747,0.00036400759680900864,8313.927125196253,1217.8185642508201,0.8302887165974464
e17s,1.006,641.1882868336187,9.326052809674186,0.007319813375254649,0.0003796772775381998,7504.467866069979,1027.5289827331906,0.8414212929281221
e222a,0.29,89.87901193211843,4.26483780959126,0.000625879386980687,0.00015464309991852326,668.4426852988408,301.04049272476914,0.42787625888950237
e222h,0.7,159.71318148850935,3.1403277629168946,0.00854292067079285,0.0005278347055413601,2000.3172140939819,258.87845290427657,0.860111016425545
e222k,0.5,107.99841961109921,3.1464582038699955,0.007221784924991683,0.0007524546843723026,1250.0486113476297,183.86079779257412,0.8231262704456823
e222q,1.3,667.6345142073174,11.27012606543548,0.012155743693930068,0.0006509768142396598,7595.980370648525,821.1224463896467,0.891904343108476
e222r,0.151,42.31851611568529,1.8730847443156973,0.0024751013971823343,0.00044240763577322304,473.71839288472074,132.35156667943895,0.6155485141502087
e222y,0.7,11.726967931591574,0.7720305812268021,0.018432047953897534,0.003141318071659253,130.75111611851239,11.756099447932455,0.9245921310373584
e406a,0.5670000000000001,0.9640646454305573,0.43712298805529953,0.11750567185483193,0.08237302044632132,4.638230651284194,0.2980629683343831,0.9666444610106701
e406d,0.271,39.102685446046095,1.254061136414878,0.034128626659604644,0.002574434911249094,358.14340099187405,20.63962705371294,0.9653546222161518
e423s,1.079,645.6373774516308,12.211208656053394,0.006603146316065095,0.00041593656005056186,7939.5062216432325,1295.5864748137374,0.800846816288311
e53a,0.56,83380.42642228017,7757143508.729979,40164.09743459539,3736599086.095037,1.9635647717418114,0.11981356882522265,0.9614000849698533
f405a,0.113,0.5654251601717613,0.07901836513570729,0.003530494364025821,0.0015488058876278025,6.146140033542298,1.4843005334444712,0.698462423439233
f415a,0.525,1.322511976978206,0.10877282662618115,0.016630430898790936,0.003995536604087999,14.563231223898633,1.4812667642914736,0.906377601245542
f75a,0.43700000000000006,613.3457369797669,8.381267900374432,0.005465389117642823,0.0002825158761288322,7376.682751175211,1008.1780122624724,0.8418723335007475
g355a,0.165,1.017707112628555,0.0832035987885369,0.005914804115392859,0.0016493929241930888,13.18810617002312,1.9661602489956822,0.825696970467425
h101r,1.0270000000000001,1059.1148900810126,16.189743555634998,0.010622155034368372,0.0005324576106154662,12259.698982018515,1289.8765966338324,0.8967495934444554
h119a,1.213,143.235153715366,10.61862693405294,0.015104371411597638,0.0033575414751827503,1556.2607619317953,172.1674220742993,0.8876177326257987
h119e,0.249,0.6818220974637612,0.15169002079353605,0.17679796337182385,0.053479296367996136,2.6994586457218674,0.0770957905337673,0.9915440697658833
h119n,1.023,1.8969627629050818,0.06760565032919034,0.02321577182300566,0.0021960795552317994,19.24964230470308,1.522200017904621,0.9375859971638091
h178a,0.251,112.76162661212308,3.3289907819144395,0.007672443882945278,0.0007295689485146646,1373.7338176445191,220.89742560955116,0.8050406531407954
h315n,0.083,47.69790419614727,0.43263503690819854,0.004970968133596099,0.0001736806900266682,565.7208222668169,85.58261088933344,0.8155488282397432
h373r,1.193,707.3554863197714,9.121570034695049,0.0063061503669916506,0.0002990529676438827,8477.603181271083,1147.6948322746234,0.8441875477385846
h379r,0.138,2.373833497246337,0.08664264428904671,0.006240034264933678,0.0008397201705297885,28.439297766653162,3.4538858623954862,0.8689118266399869
i244e,0.6,496.6371750212741,23.219441258209162,0.005973752966113969,0.0010382491937396111,6188.0394078963245,704.8477513622314,0.8820129162949529
i244n,0.207,271.4388114225307,3.686278509837232,0.0021512694747618417,0.00012965791550564773,3100.793189380561,616.8997807950719,0.7311207973115237
i300n,1.5130000000000001,693.3758873313928,12.738004720356843,0.004481138417742183,0.0003232984327090834,8409.214468934755,1210.1061773254428,0.8288632397293909
i91e,0.48700000000000004,846.1387753835595,34.986856192937715,0.00671159682060895,0.0007891602046050951,11235.68903122113,2129.096525366038,0.7710001460330593
k341a,0.9159999999999999,1045.8940617631986,16.785831231250878,0.005456216834875332,0.0003313631692626026,12311.935807522565,1806.408463990173,0.8237809885765465
k413a,1.1079999999999999,834.7511938939131,32.6366973254204,0.002920160051812056,0.00048305320691087244,9708.633227989612,1966.9432123479273,0.7249032388116945
l171a,0.376,806.7870619309393,9.314310222041296,0.011094551089428417,0.00041563092973337655,9242.799078939126,992.0382141248937,0.8931995550329135
l171r,1.065,403.4721692046942,6.716998182244109,0.00335817434414045,0.00023107949846795019,4693.326355585042,861.0762977944269,0.7579819498726279
l219a,0.473,198.72313402171517,4.712331329012343,0.007866622244841012,0.0005974429517625478,2439.199823378834,367.7893683384086,0.8227055272554034
m221a,0.73,547.0900110061348,15.463732739248623,0.006248589877145307,0.000595330142167287,6845.165398337947,1099.0016029974515,0.8054797936072943
m223g,0.8809999999999999,153.6731445057464,9.099146282261723,0.019214112923734032,0.002912760728644829,1691.6041707637385,192.54081191662704,0.8866371262742889
m261e,0.107,61.6338338505221,4.963316390031051,0.010120539956803343,0.00270374108387349,701.5614095500275,72.95073428288353,0.8987966148551375
m323a,0.348,415.5724404080256,10.581074110176015,0.009343585747999471,0.0008040050099367566,4778.044476944841,619.6418930550475,0.8543570932972195
m323k,0.051,1.199360666671849,0.16297536297259704,0.017059006107424887,0.008333353490431262,12.270361249018572,1.2177816013239167,0.9178002174368542
m358t,0.621,436.1496737211113,11.147330533152788,0.0048331916154861505,0.0004783693247000288,5242.165443199008,726.1759643350712,0.8385415728092334
n163a,0.737,6.662351546375389,0.1589248967505526,0.011945374128194764,0.0009079554860166203,75.17986605301734,8.481690649013798,0.8838775971739093
n163c,1.1,25.840535834749687,0.402670680195916,0.0054222437427533295,0.0003201177330901159,309.07028956205505,44.21441094001521,0.8303885213472734
n163d,1.194,11.983100928542452,0.37267079050573926,0.01519286828918448,0.0014145640812783873,132.28722928166908,8.178825280405341,0.9222038235661976
n220a,0.615,404.9249904151638,8.164493782002957,0.010270689420512579,0.0006845723738498732,4639.79565667439,565.6101861718062,0.8681113244195393
n220d+n293d,0.20600000000000002,0.8610879117941231,0.04818516345163415,0.03405535805890148,0.004485483123213268,7.9465280816111745,0.5047731306717914,0.9583677010211616
n220h,1.1179999999999999,122.61189623087391,1.338147486394716,0.005135712236542158,0.00021457507957766824,1462.4267755945116,215.49636852321925,0.8226346723629592
n293a,0.682,12.7037945105497,0.18942242591798428,0.00967385693137959,0.00044014742889970823,154.58889426046102,20.50568538592422,0.8545144411880735
n354a,0.342,2.9467628923309923,0.10487317186496076,0.0053849330612630395,0.0006667230813914185,38.30879561431861,5.808746468430396,0.821212355547104
n404a,1.413,3.7048962691121603,0.04893189120903343,0.009415325181596454,0.00041951341130463005,43.39014499565141,4.845515437264226,0.885837318759844
n407a,1.125,49.518551549785876,0.9711213412763207,0.011091662340194028,0.0006419850962073457,595.7611974653287,69.16417442824282,0.8828380970781379
p329w,0.465,0.36730227212973654,0.05739842962998161,0.021384186160199756,0.00959151354214679,3.7547483115318774,0.48446549785301446,0.8661461800633985
q19a,0.257,0.3607158502887165,0.033516328816317845,0.03219018656304075,0.007549412188217024,3.294157518269691,0.2233469331004164,0.9549672927972307
q19c,0.40399999999999997,3834402.5674371975,7901260275394.353,537491.020267002,1107566841886.4548,8.170924891322237,0.7103153858387448,0.928997047806167
q19s,0.431,0.7207672824068808,0.08452559293907906,0.05723495720619103,0.013225401329867008,5.4440551595919695,0.2772660213355856,0.9726332742863997
q284r,0.516,369.77511794223244,15.36823298982142,0.009684483322922897,0.0013490345001285367,4250.234050615752,538.8434506809284,0.8595151333341755
q313r,1.442,689.2530168809449,23.93279900238969,0.0035829063310332952,0.0005085333197784966,8266.846174299997,990.0751287900334,0.7761965367071323
r240a,1.1079999999999999,11010.584294410402,258.3864814077056,0.01946146358762765,0.0011652535786515377,120801.8247567503,10712.294934233096,0.9264287030486079
r240d,0.8,282.2701717498434,3.789485730423307,0.010818003288610477,0.0004741689926396822,3232.197009460486,370.2981518021953,0.8808759446122115
r240k,1.4,898.3128274835354,58.70074807457515,0.017673103096254097,0.003317000278196826,9639.175677754662,800.9174864440522,0.9317409950449806
r76a,0.10300000000000001,2.6045333350178175,0.15947574214193894,0.013533565557329982,0.0025577166201313554,28.724479220115764,2.660919300761813,0.917164440089878
s14a,0.601,320.47483454465544,11.35092347893953,0.008254774433913805,0.0010159835140910952,3802.4313396279863,407.4569483200137,0.8934922057554361
s16a,0.828,101.2179610737881,29.967017538606115,0.022747753202932576,0.017282290025123073,1042.0513620116499,189.34455828071708,0.642864508111642
s17a,0.654,848.4469642480423,75.62225056105146,0.018453511459433844,0.0037205560220361757,10304.364523702896,1166.6240586377855,0.892160590206361
s298e,1.1,809.1674662864452,1.8648209963569755,0.0052795680787199005,4.633505297817225e-05,9651.422855896326,1412.1632511944927,0.8245090768524354
s331a,0.893,816.802399673974,5.380764902466079,0.004337639160639375,0.00011288823630155277,9670.956030923995,1553.6504215358607,0.7986482771643835
s400a,0.41,530.6818618922205,8.900238747063446,0.0032202523802565236,0.00022482570853927074,6434.391292925015,1011.0735980311069,0.804982636236821
t175r,0.86,801.2638226862579,8.253325995359024,0.003592581563315041,0.00015118320522916395,9586.32956037954,1572.5856798930506,0.7925448333417954
t218a,0.977,464.35988352994553,18.473758340860787,0.006514624321645527,0.0009399760339357407,5535.868549115168,582.0684925029709,0.9008772962015497
t296a,0.39,109.41504124559633,2.346636616089497,0.011047783943679602,0.0007696599571044796,1244.8532424695268,145.95640950459733,0.8762376172608474
t352a,0.7,59.51449464013412,2.4059291934329026,0.014257929841629985,0.0017550372292526146,659.2870239180327,65.88554736173033,0.905464310430084
v147s,0.23199999999999998,4.558258064453221,0.12005491106648933,0.006452748525035186,0.0006172231177985201,52.86025682382053,6.0609196858798216,0.8852394070845702
v52g,0.9670000000000001,687.4945101245629,13.011975457418176,0.00824623606532044,0.0005424696129711095,8125.378411961914,944.752368520854,0.8779293274376951
w120a,0.16,66.00719909971707,1.88009511084901,0.06668234410002558,0.0035469208618295217,465.2879831743982,15.947998469901673,0.9873222858262556
w120f,0.777,471.772854279614,20.564049812842097,0.016082891837236112,0.002066684617230506,5115.110148990902,406.5988215553129,0.9369928984493837
w120h,1.0,84.07526172142936,2.4042361806025427,0.08917658887206087,0.004308855303836936,509.91800101954453,13.413799241735541,0.9924738801014283
w325a,0.255,29.406271902904095,0.8879888007675585,0.0016119606051717367,0.0002251209431829866,297.7206370175764,80.46580511344062,0.619335386508915
w325c,0.22,10.459834635183302,0.3337294004733156,0.004179624431386022,0.0005303905540920465,118.47485958422723,22.230790709878743,0.7506702305353715
w325h,1.12,34.93621766959144,1.1733852290946438,0.003075931599456259,0.0004333840418514872,383.27780334286194,82.32512234851364,0.7044723761015509
w325l,0.84,108.50530086576761,1.8429536785316223,0.005738376779185914,0.0003503180540733731,1315.8479951987674,137.15289390902225,0.8195372832003769
w34a,0.1,0.5175749147291396,0.2717838544787738,0.046316978437726496,0.04862117457949704,3.5477432804924187,0.6946294123245889,0.7443132281828896
w399a,0.9570000000000001,0.2351696389196351,0.012212703645781921,0.016649611780909235,0.0025249215474354284,2.574192430923003,0.2171263440541415,0.9298731467349884
w399c,0.847,2.7146273763018463,0.12609712057497907,0.0703318123218231,0.005886288522096271,18.636612997485027,0.47297608840440697,0.9858156512997326
w399g,1.2670000000000001,0.09744138328630211,0.009646937759711255,5.762989945443594e-05,3.673706663227515e-05,1.2436890596356698,0.1732816474221461,0.8370985603239931
w399s,1.5,0.1982767947871169,0.05907455377127811,0.02584806487387493,0.01819097912080581,1.7062054982955228,0.2569350572901454,0.8294433833630858
w407a,0.125,11.41310697350597,0.48900399122969385,0.007607679197134976,0.0011529153916516118,131.8105260019983,17.173076483882998,0.8532876186122514
w407g,0.529,1.0712988785033342,7.241326988066117,1.1262779772915423,8.091550433365327,0.9040068909178895,0.08615817051847514,0.9129335937761675
w407q,0.10400000000000001,0.4530610410162955,0.07970559694836397,0.008074717991394007,0.004749747017083295,5.053346145093546,0.8967634193966204,0.6432056498562938
w407r,0.154,0.9599701777832956,0.8279595229932487,0.16723490782585004,0.19874223634116236,3.991906948230798,0.41429098878000953,0.9030701332912361
w409a,0.10300000000000001,0.4023669254240913,0.12757979670311037,0.031134019973254986,0.023919580487949652,3.2023944973907597,0.47694638874190726,0.8197846698124684
wt10,0.271,572.0412347852717,6.406372639126866,0.0054674766013840664,0.00023161076119986802,6808.193418935913,966.1494135086979,0.8324537520334665
wt10_1,0.271,820.6939356690671,12.964990991416576,0.007941159432552898,0.00040091325026981987,10275.930069360458,1395.738423363955,0.848976363837578
wt10_2,0.271,510.84974776239915,16.662949341635834,0.01614584414699912,0.001550964649646647,5581.11893858652,516.620865735779,0.9172746750656557
wt11,1.3,782.7498213913701,29.546860752181317,0.007641509542390438,0.0009299547807126173,10050.389190198492,1258.251647054746,0.867388499284826
wt12,0.843,353.73632341505595,10.377468382122663,0.005457780383145147,0.0006058418557592,4293.593190829254,575.6656255939924,0.8465227264651223
wt2,0.878,691.0932493810437,23.382932805645193,0.0034585293462995243,0.0004812270368491449,7844.414510764572,1550.0299957431994,0.7334371880956894
wt3,2.1,695.6784901676838,8.631665455535682,0.009658423468012718,0.00040214018239460533,8094.175840876492,956.7618369307686,0.8745768262297802
wt4,1.9769999999999999,916.2348686625596,13.489224878990052,0.006282963372947723,0.00034041999372396245,11045.633110477265,1446.9422912727694,0.8520214093203418
wt5,1.262,644.5405732412834,36.574953796441235,0.005425744911654291,0.0011662658345566242,7689.236803292468,1206.1879437723073,0.8054673777068421
wt6,1.465,915.6897246376725,12.07831050929399,0.0046566560759649135,0.0002395131462618492,11031.342622290369,1677.7116228568384,0.8140951143496099
wt7,0.912,731.5244682856502,16.122489119520974,0.006575065757437161,0.0005284078579393339,8768.81792149621,1099.96658041064,0.861883851460579
wt8,1.167,810.3599395499936,6.003327562319796,0.004940077213392812,0.0001411388918928816,9725.468997837097,1420.584307686803,0.8249567453502044
wt9,0.46799999999999997,884.2676241641525,9.258694535688344,0.005145747259657271,0.00020618647755054674,10473.052604878512,1553.345843090444,0.8208965295729965
y166p,0.17600000000000002,26.515674685286957,1.1939855737738483,0.0025025251739939323,0.00045419569534391576,292.8579881155243,83.63801312829379,0.607140560363547
y18a,0.172,196.54178158421507,9.331379738699512,0.0315469527546404,0.0036141173321601657,1846.6036156650935,117.0481571541385,0.9585343347912733
y294a,0.591,165.55051245255729,1.598260541328024,0.004977453745628125,0.00016992774962260455,2113.283031545666,345.6230664791388,0.8002032294558625
y294f,0.733,734.8905555417878,10.708839616478173,0.0059868481442740895,0.0003241739189240366,8857.72339977463,1167.1226111064138,0.8506544089130545
y295a,0.69,0.24787989446600417,0.030370441754001918,0.012950440032988128,0.004953353299315358,2.733990204057421,0.3078107619804301,0.8842750908351648
y295g,0.77,0.09373340635600196,0.025743219490119783,6.885312672465189e-06,2.2202767773426967e-05,0.9040685369832964,0.9138925273870985,0.2110114662249129
